--------------------------------------------------------------------------
--DROP TABLE--------------------------------------------------------------
--------------------------------------------------------------------------
DROP TABLE "MEMBER" CASCADE CONSTRAINTS;
DROP TABLE "COMM" CASCADE CONSTRAINTS;
DROP TABLE "REPORT" CASCADE CONSTRAINTS;
DROP TABLE "NEWS" CASCADE CONSTRAINTS;
DROP TABLE "REPORT_TYPE" CASCADE CONSTRAINTS;
DROP TABLE "QNA" CASCADE CONSTRAINTS;
DROP TABLE "RECYCLE" CASCADE CONSTRAINTS;
DROP TABLE "CART" CASCADE CONSTRAINTS;
DROP TABLE "GRADE" CASCADE CONSTRAINTS;
DROP TABLE "ORDER" CASCADE CONSTRAINTS;
DROP TABLE "PAYMENT" CASCADE CONSTRAINTS;
DROP TABLE "ATTEND" CASCADE CONSTRAINTS;
DROP TABLE "FAQ" CASCADE CONSTRAINTS;
DROP TABLE "RECYCLE_LIKED" CASCADE CONSTRAINTS;
DROP TABLE "YESSMALL_PROD" CASCADE CONSTRAINTS;
DROP TABLE "YESSMALL_REVIEW" CASCADE CONSTRAINTS;
DROP TABLE "YESSMALL_CATEGORY" CASCADE CONSTRAINTS;
DROP TABLE "YESSMALL_ATTACHMENT" CASCADE CONSTRAINTS;
DROP TABLE "MARKET" CASCADE CONSTRAINTS;
DROP TABLE "MARKET_CMT" CASCADE CONSTRAINTS;
DROP TABLE "MARKET_TYPE" CASCADE CONSTRAINTS;
DROP TABLE "RECYCLE_TYPE" CASCADE CONSTRAINTS;
DROP TABLE "COMM_ATTACHMENT" CASCADE CONSTRAINTS;
DROP TABLE "POINT_HISTORY" CASCADE CONSTRAINTS;
DROP TABLE "COMM_CATE" CASCADE CONSTRAINTS;
DROP TABLE "COMM_LIKE" CASCADE CONSTRAINTS;
DROP TABLE "ORDER_DETAIL" CASCADE CONSTRAINTS;
DROP TABLE "ZZIM" CASCADE CONSTRAINTS;
DROP TABLE "YESS_LIKED" CASCADE CONSTRAINTS;
DROP TABLE "POINT_PLACE" CASCADE CONSTRAINTS;
DROP TABLE "NEWS_TYPE" CASCADE CONSTRAINTS;
DROP TABLE "QNA_TYPE" CASCADE CONSTRAINTS;
DROP TABLE "REPORT_BOARD_TYPE" CASCADE CONSTRAINTS;
DROP TABLE "MARKET_ATTACHMENT" CASCADE CONSTRAINTS;
DROP TABLE "YESSMALL_REVIEW_ATTACHMENT" CASCADE CONSTRAINTS;
DROP TABLE "RECYCLE_ATTACHMENT" CASCADE CONSTRAINTS;
DROP TABLE "COMM_CMT" CASCADE CONSTRAINTS;
DROP TABLE "COMM_HASHTAG" CASCADE CONSTRAINTS;
DROP TABLE "HASHTAG" CASCADE CONSTRAINTS;

COMMIT;

--------------------------------------------------------------------------
--DROP/CREATE SEQUENCE----------------------------------------------------
--------------------------------------------------------------------------
DROP SEQUENCE SEQ_MEMBER_NO;
CREATE SEQUENCE SEQ_MEMBER_NO NOCYCLE;
DROP SEQUENCE SEQ_COMMUNITY_NO;
CREATE SEQUENCE SEQ_COMMUNITY_NO NOCYCLE;
DROP SEQUENCE SEQ_REPORT_NO;
CREATE SEQUENCE SEQ_REPORT_NO NOCYCLE;
DROP SEQUENCE SEQ_NEWS_NO;
CREATE SEQUENCE SEQ_NEWS_NO NOCYCLE;
DROP SEQUENCE SEQ_REPORT_TYPE_NO;
CREATE SEQUENCE SEQ_REPORT_TYPE_NO NOCYCLE;
DROP SEQUENCE SEQ_QNA_NO;
CREATE SEQUENCE SEQ_QNA_NO NOCYCLE;
DROP SEQUENCE SEQ_RECYCLE_NO;
CREATE SEQUENCE SEQ_RECYCLE_NO NOCYCLE;
DROP SEQUENCE SEQ_CART_NO;
CREATE SEQUENCE SEQ_CART_NO NOCYCLE;
DROP SEQUENCE SEQ_GRADE_NO;
CREATE SEQUENCE SEQ_GRADE_NO NOCYCLE;
DROP SEQUENCE SEQ_ORDER_NO;
CREATE SEQUENCE SEQ_ORDER_NO NOCYCLE;
DROP SEQUENCE SEQ_PAYMENT_NO;
CREATE SEQUENCE SEQ_PAYMENT_NO NOCYCLE;
DROP SEQUENCE SEQ_ATTEND_NO;
CREATE SEQUENCE SEQ_ATTEND_NO NOCYCLE;
DROP SEQUENCE SEQ_FAQ_NO;
CREATE SEQUENCE SEQ_FAQ_NO NOCYCLE;
DROP SEQUENCE SEQ_RECYCLE_LIKED_NO;
CREATE SEQUENCE SEQ_RECYCLE_LIKED_NO NOCYCLE;
DROP SEQUENCE SEQ_ATTEND_NO;
CREATE SEQUENCE SEQ_ATTEND_NO NOCYCLE;
DROP SEQUENCE SEQ_YESSMALL_PROD_NO;
CREATE SEQUENCE SEQ_YESSMALL_PROD_NO NOCYCLE;
DROP SEQUENCE SEQ_YESSMALL_REVIEW_NO;
CREATE SEQUENCE SEQ_YESSMALL_REVIEW_NO NOCYCLE;
DROP SEQUENCE SEQ_PROD_CATE_NO;
CREATE SEQUENCE SEQ_PROD_CATE_NO NOCYCLE;
DROP SEQUENCE SEQ_YESSMALL_ATTACHMENT_NO;
CREATE SEQUENCE SEQ_YESSMALL_ATTACHMENT_NO NOCYCLE;
DROP SEQUENCE SEQ_MARKET_NO;
CREATE SEQUENCE SEQ_MARKET_NO NOCYCLE;
DROP SEQUENCE SEQ_MARKET_CMT_NO;
CREATE SEQUENCE SEQ_MARKET_CMT_NO NOCYCLE;
DROP SEQUENCE SEQ_MARKET_TYPE_NO;
CREATE SEQUENCE SEQ_MARKET_TYPE_NO NOCYCLE;
DROP SEQUENCE SEQ_RECYCLE_TYPE_NO;
CREATE SEQUENCE SEQ_RECYCLE_TYPE_NO NOCYCLE;
DROP SEQUENCE SEQ_COMM_ATTACHMENT_NO;
CREATE SEQUENCE SEQ_COMM_ATTACHMENT_NO NOCYCLE;
DROP SEQUENCE SEQ_POINT_HISTORY_NO;
CREATE SEQUENCE SEQ_POINT_HISTORY_NO NOCYCLE;
DROP SEQUENCE SEQ_COMM_CATE_NO;
CREATE SEQUENCE SEQ_COMM_CATE_NO NOCYCLE;
DROP SEQUENCE SEQ_COMM_LIKE_NO;
CREATE SEQUENCE SEQ_COMM_LIKE_NO NOCYCLE;
DROP SEQUENCE SEQ_ORDER_DETAIL_NO;
CREATE SEQUENCE SEQ_ORDER_DETAIL_NO NOCYCLE;
DROP SEQUENCE SEQ_ZZIM_NO;
CREATE SEQUENCE SEQ_ZZIM_NO NOCYCLE;
DROP SEQUENCE SEQ_YESS_LIKED_NO;
CREATE SEQUENCE SEQ_YESS_LIKED_NO NOCYCLE;
DROP SEQUENCE SEQ_POINT_PLACE_NO;
CREATE SEQUENCE SEQ_POINT_PLACE_NO NOCYCLE;
DROP SEQUENCE SEQ_NEWS_TYPE_NO;
CREATE SEQUENCE SEQ_NEWS_TYPE_NO NOCYCLE;
DROP SEQUENCE SEQ_QNA_TYPE_NO;
CREATE SEQUENCE SEQ_QNA_TYPE_NO NOCYCLE;
DROP SEQUENCE SEQ_REPORT_BOARD_TYPE_NO;
CREATE SEQUENCE SEQ_REPORT_BOARD_TYPE_NO NOCYCLE;
DROP SEQUENCE SEQ_MARKET_ATTACHMENT_NO;
CREATE SEQUENCE SEQ_MARKET_ATTACHMENT_NO NOCYCLE;
DROP SEQUENCE SEQ_YESSMALL_REVIEW_ATTACHMENT_NO;
CREATE SEQUENCE SEQ_YESSMALL_REVIEW_ATTACHMENT_NO NOCYCLE;
DROP SEQUENCE SEQ_RECYCLE_ATTACHMENT_NO;
CREATE SEQUENCE SEQ_RECYCLE_ATTACHMENT_NO NOCYCLE;
DROP SEQUENCE SEQ_COMM_CMT_NO;
CREATE SEQUENCE SEQ_COMM_CMT_NO NOCYCLE;

COMMIT;

--------------------------------------------------------------------------
--CREATE TABLE------------------------------------------------------------
--------------------------------------------------------------------------
CREATE TABLE "MEMBER" (
	"NO"	NUMBER		NOT NULL,
	"GRADE_NO"	NUMBER	DEFAULT 1	NOT NULL,
	"ID"	VARCHAR2(50)		NOT NULL,
	"PWD"	VARCHAR2(100)		NOT NULL,
	"NAME"	VARCHAR2(50)		NOT NULL,
    "NICK"	VARCHAR2(50)		NOT NULL,
	"PHONE"	CHAR(13)		    NOT NULL,
	"EMAIL"	VARCHAR2(100)		NOT NULL,
	"ADDR"	VARCHAR2(500)		NOT NULL,
	"ENROLL_DATE"	TIMESTAMP	DEFAULT SYSDATE	NOT NULL,
	"MODIFY_DATE"	TIMESTAMP	DEFAULT SYSDATE	NOT NULL,
	"QUIT_YN"	CHAR(1)	DEFAULT 'N' CHECK(QUIT_YN IN ('Y' , 'N'))	NOT NULL,
	"POINT"	NUMBER	DEFAULT 0	NOT NULL,
	"ADD_POINT"	NUMBER	DEFAULT 0	NOT NULL,
	"GRADE_DATE"	TIMESTAMP		NULL
);
select * from member;
COMMENT ON COLUMN "MEMBER"."NO" IS '회원번호';
COMMENT ON COLUMN "MEMBER"."GRADE_NO" IS '등급번호';
COMMENT ON COLUMN "MEMBER"."ID" IS '아이디';
COMMENT ON COLUMN "MEMBER"."PWD" IS '비밀번호';
COMMENT ON COLUMN "MEMBER"."NAME" IS '이름';
COMMENT ON COLUMN "MEMBER"."NICK" IS '닉네임';
COMMENT ON COLUMN "MEMBER"."PHONE" IS '전화번호';
COMMENT ON COLUMN "MEMBER"."EMAIL" IS '이메일';
COMMENT ON COLUMN "MEMBER"."ADDR" IS '주소';
COMMENT ON COLUMN "MEMBER"."ENROLL_DATE" IS '가입일자';
COMMENT ON COLUMN "MEMBER"."MODIFY_DATE" IS '최종수정일시';
COMMENT ON COLUMN "MEMBER"."QUIT_YN" IS '회원탈퇴여부';
COMMENT ON COLUMN "MEMBER"."POINT" IS '누적포인트';
COMMENT ON COLUMN "MEMBER"."ADD_POINT" IS '현재포인트';
COMMENT ON COLUMN "MEMBER"."GRADE_DATE" IS '등급변동일자';

select * from member;

SELECT COUNT(*)
FROM MEMBER
WHERE PHONE = '01012345678';

		SELECT COUNT(*)
		FROM MEMBER
		WHERE PHONE = '01012345678';

CREATE TABLE "COMM" (
	"NO"	NUMBER		NOT NULL,
	"MEMBER_NO"	NUMBER		NOT NULL,
	"CATEGORY"	NUMBER		NOT NULL,
	"TITLE"	VARCHAR2(1000)		NOT NULL,
	"CONT"	VARCHAR2(4000)		NOT NULL,
	"ENROLL_DATE"	TIMESTAMP	DEFAULT SYSDATE	NOT NULL,
	"DELETE_YN"	CHAR(1)	DEFAULT 'N' CHECK(DELETE_YN IN ('Y' , 'N'))	NOT NULL,
	"MODIFY_DATE"	TIMESTAMP	DEFAULT SYSDATE	NOT NULL,
	"HIT"	NUMBER	DEFAULT 0	NOT NULL,
	"PICK_YN"	CHAR(1)	DEFAULT 'N' CHECK(PICK_YN IN ('Y' , 'N'))	NOT NULL,
	"LIKE_CNT"	NUMBER		NOT NULL,
	"HASHTAG"	VARCHAR2(4000)		NULL	
);

COMMENT ON COLUMN "COMM"."NO" IS '글번호';

COMMENT ON COLUMN "COMM"."MEMBER_NO" IS '회원번호';

COMMENT ON COLUMN "COMM"."TITLE" IS '글제목';

COMMENT ON COLUMN "COMM"."CONTENT" IS '글내용';

COMMENT ON COLUMN "COMM"."ENROLL_DATE" IS '작성일시';

COMMENT ON COLUMN "COMM"."DELETE_YN" IS '삭제여부
체크제약조건';

COMMENT ON COLUMN "COMM"."MODIFY_DATE" IS '최종수정일시';


CREATE TABLE "REPORT" (
	"NO"	NUMBER		NOT NULL,
	"REPORT_TYPE_NO"	NUMBER		NOT NULL,
	"RE_NO"	NUMBER		NOT NULL,
	"BOARD_TYPE_NO"	NUMBER		NOT NULL,
	"BOARD_NO"	NUMBER		NOT NULL,
	"REPORT_TIME"	TIMESTAMP	DEFAULT SYSDATE	NOT NULL,
	"STATUS"	CHAR(1)	DEFAULT 'O' CHECK(STATUS IN('O', 'X'))	NOT NULL,
	"REPORT_CONT"	VARCHAR(2000)		NOT NULL
);

COMMENT ON COLUMN "REPORT"."RE_NO" IS '회원번호';


CREATE TABLE "NEWS" (
	"NO"	NUMBER		NOT NULL,
	"ADMIN_NO"	NUMBER	DEFAULT 1	NOT NULL,
	"NEWS_TYPE_NO"	NUMBER		NOT NULL,
	"TITLE"	VARCHAR2(100)		NOT NULL,
	"CONTENT"	VARCHAR2(1000)		NOT NULL,
	"ENROLL_DATE"	TIMESTAMP	DEFAULT SYSDATE	NOT NULL,
	"DELETE_YN"	CHAR(1)	DEFAULT 'N' CHECK(DELETE_YN IN ('Y' , 'N'))	NOT NULL,
	"MODIFY_DATE"	TIMESTAMP	DEFAULT SYSDATE	NOT NULL
);

COMMENT ON COLUMN "NEWS"."ADMIN_NO" IS '회원번호(관리자전용)';

COMMENT ON COLUMN "NEWS"."NEWS_TYPE_NO" IS '카테고리 번호';

COMMENT ON COLUMN "NEWS"."TITLE" IS '글 제목';

COMMENT ON COLUMN "NEWS"."CONTENT" IS '글내용';

COMMENT ON COLUMN "NEWS"."ENROLL_DATE" IS '작성일자';

COMMENT ON COLUMN "NEWS"."DELETE_YN" IS '삭제여부';

COMMENT ON COLUMN "NEWS"."MODIFY_DATE" IS '수정일자';


CREATE TABLE "REPORT_TYPE" (
	"NO"	NUMBER		NOT NULL,
	"TYPE"	VARCHAR2(10)		NOT NULL
);


CREATE TABLE "QNA" (
	"NO"	NUMBER		NOT NULL,
	"MEMBER_NO"	NUMBER		NOT NULL,
	"QNA_TYPE_NO"	NUMBER		NOT NULL,
	"TITLE"	VARCHAR2(1000)		NOT NULL,
	"CONTENT"	VARCHAR2(4000)		NOT NULL,
	"ENROLL_DATE"	TIMESTAMP	DEFAULT SYSDATE	NOT NULL,
	"DELETE_YN"	CHAR(1)	DEFAULT 'N' CHECK(DELETE_YN IN ('Y' , 'N'))	NOT NULL,
	"MODIFY_DATE"	TIMESTAMP	DEFAULT SYSDATE	NOT NULL,
	"ANSWER"	VARCHAR2(1000)		NULL,
	"ANSWER_DATE"	TIMESTAMP		NULL,
	"ANSWER_YN"	CHAR(1)	DEFAULT 'N' CHECK(ANSWER_YN IN ('Y' , 'N'))	NOT NULL
);

COMMENT ON COLUMN "QNA"."NO" IS '글번호';

COMMENT ON COLUMN "QNA"."MEMBER_NO" IS '회원번호';

COMMENT ON COLUMN "QNA"."QNA_TYPE_NO" IS '카테고리 번호';

COMMENT ON COLUMN "QNA"."TITLE" IS '글제목';

COMMENT ON COLUMN "QNA"."CONTENT" IS '글내용';

COMMENT ON COLUMN "QNA"."ENROLL_DATE" IS '작성일시';

COMMENT ON COLUMN "QNA"."DELETE_YN" IS '삭제여부
체크제약조건';

COMMENT ON COLUMN "QNA"."MODIFY_DATE" IS '최종수정일시';

COMMENT ON COLUMN "QNA"."ANSWER_YN" IS '답변여부';


CREATE TABLE "RECYCLE" (
	"NO"	NUMBER		NOT NULL,
	"RECYCLE_TYPE_NO"	NUMBER		NOT NULL,
	"NAME"	VARCHAR2(50)		NOT NULL,
	"RECYCLE_INFO"	CLOB		NOT NULL,
	"IMG_PATH"	VARCHAR2(50)		NULL,
	"ENROLL_DATE"	TIMESTAMP	DEFAULT SYSDATE	NOT NULL,
	"MODIFY_DATE"	TIMESTAMP	DEFAULT SYSDATE	NOT NULL,
	"DELETE_YN"	CHAR(1)	DEFAULT 'N' CHECK(DELETE_YN IN ('N', 'Y'))	NULL
);


CREATE TABLE "CART" (
	"MEMBER_NO"	NUMBER		NOT NULL,
	"YESS_MALL_NO"	NUMBER		NOT NULL,
	"CNT"	NUMBER		NOT NULL,
	"PAYMENT_YN"	CHAR(1)	DEFAULT 'N' CHECK(PAYMENT_YN IN ('Y' , 'N'))	NOT NULL,
	"ADD_DATE"	TIMESTAMP	DEFAULT SYSDATE	NOT NULL
);

COMMENT ON COLUMN "CART"."MEMBER_NO" IS '회원번호';

COMMENT ON COLUMN "CART"."CNT" IS '수량';

COMMENT ON COLUMN "CART"."PAYMENT_YN" IS '구매여부';

COMMENT ON COLUMN "CART"."ADD_DATE" IS '담은날짜';


CREATE TABLE "GRADE" (
	"NO"	NUMBER		NOT NULL,
	"NAME"	VARCHAR2(10)		NOT NULL
);

COMMENT ON COLUMN "GRADE"."NO" IS '등급번호';

COMMENT ON COLUMN "GRADE"."NAME" IS '등급이름';


CREATE TABLE "ORDER" (
	"NO"	NUMBER		NOT NULL,
	"MEMBER_NO"	NUMBER		NOT NULL,
	"PLUS_POINT"	NUMBER		NOT NULL,
	"USE_POINT"	NUMBER	DEFAULT 0	NULL,
	"SUM_PRICE"	NUMBER		NOT NULL,
	"CANCEL_YN"	CHAR(1)	DEFAULT 'N' CHECK(CANCEL_YN IN ('Y' , 'N'))	NOT NULL,
	"NAME"	VARCHAR(20)		NULL,
	"ADDRESS"	VARCHAR(100)		NULL,
	"PHONE"	CHAR(13)		NULL
);

COMMENT ON COLUMN "ORDER"."NO" IS '주문번호';

COMMENT ON COLUMN "ORDER"."MEMBER_NO" IS '회원번호';

COMMENT ON COLUMN "ORDER"."PLUS_POINT" IS '적립포인트';

COMMENT ON COLUMN "ORDER"."USE_POINT" IS '사용포인트';

COMMENT ON COLUMN "ORDER"."SUM_PRICE" IS '합산 금액';

COMMENT ON COLUMN "ORDER"."CANCEL_YN" IS '주문상태';


CREATE TABLE "PAYMENT" (
	"NO"	NUMBER		NOT NULL,
	"ORDER_NO"	NUMBER		NOT NULL,
	"PAYMENT"	VARCHAR2(30)		NOT NULL,
	"PAY_DATE"	TIMESTAMP	DEFAULT SYSDATE	NOT NULL,
	"CANCEL_YN"	CHAR(1)	DEFAULT 'N' CHECK(CANCEL_YN IN ('Y' , 'N'))	NOT NULL,
	"CANCEL_DATE"	TIMESTAMP		NULL
);

COMMENT ON COLUMN "PAYMENT"."NO" IS '결제번호';

COMMENT ON COLUMN "PAYMENT"."ORDER_NO" IS '주문번호';

COMMENT ON COLUMN "PAYMENT"."PAYMENT" IS '결제수단';

COMMENT ON COLUMN "PAYMENT"."PAY_DATE" IS '결제날짜';

COMMENT ON COLUMN "PAYMENT"."CANCEL_YN" IS '취소여부';

COMMENT ON COLUMN "PAYMENT"."CANCEL_DATE" IS '취소날짜';


CREATE TABLE "ATTEND" (
	"MEMBER_NO"	NUMBER		NOT NULL,
	"ATTEND_DATE"	TIMESTAMP		NOT NULL
);

COMMENT ON COLUMN "ATTEND"."MEMBER_NO" IS '회원번호';

COMMENT ON COLUMN "ATTEND"."ATTEND_DATE" IS '출석일자';


CREATE TABLE "FAQ" (
	"NO"	NUMBER		NOT NULL,
	"QNA_TYPE_NO"	NUMBER		NOT NULL,
	"ADMIN_NO"	NUMBER		NOT NULL,
	"TITLE"	VARCHAR2(100)		NOT NULL,
	"CONTENT"	VARCHAR2(1000)		NOT NULL,
	"ENROLL_DATE"	TIMESTAMP	DEFAULT SYSDATE	NOT NULL,
	"DELETE_YN"	CHAR(1)	DEFAULT 'N' CHECK(DELETE_YN IN ('Y' , 'N'))	NOT NULL,
	"MODIFY_DATE"	TIMESTAMP	DEFAULT SYSDATE	NOT NULL
);

COMMENT ON COLUMN "FAQ"."NO" IS 'SEQUENCE';

COMMENT ON COLUMN "FAQ"."QNA_TYPE_NO" IS '카테고리 번호';

COMMENT ON COLUMN "FAQ"."ADMIN_NO" IS '회원번호';

COMMENT ON COLUMN "FAQ"."TITLE" IS '글제목';

COMMENT ON COLUMN "FAQ"."CONTENT" IS '글내용';

COMMENT ON COLUMN "FAQ"."ENROLL_DATE" IS '작성일자';


CREATE TABLE "RECYCLE_LIKED" (
	"MEMBER_NO"	NUMBER		NOT NULL,
	"RECYCLE_NO"	NUMBER		NOT NULL
);

COMMENT ON COLUMN "RECYCLE_LIKED"."MEMBER_NO" IS '회원번호';


CREATE TABLE "YESSMALL_PROD" (
	"PROD_NO"	NUMBER		NOT NULL,
	"PROD_CATE_NO"	NUMBER		NOT NULL,
	"PROD_NAME"	VARCHAR2(50)		NOT NULL,
	"PROD_INFO"	VARCHAR2(4000)		NOT NULL,
	"PROD_DETAIL"	CLOB		NOT NULL,
	"PROD_PRICE"	NUMBER		NOT NULL,
	"PROD_STOCK"	NUMBER	DEFAULT 100	NOT NULL
);

COMMENT ON COLUMN "YESSMALL_PROD"."PROD_NAME" IS '이름';

COMMENT ON COLUMN "YESSMALL_PROD"."PROD_INFO" IS '제품 소개';

COMMENT ON COLUMN "YESSMALL_PROD"."PROD_DETAIL" IS '제품 상세 소개';

COMMENT ON COLUMN "YESSMALL_PROD"."PROD_PRICE" IS '가격';

COMMENT ON COLUMN "YESSMALL_PROD"."PROD_STOCK" IS '재고 수량';


CREATE TABLE "YESSMALL_REVIEW" (
	"RV_NO"	NUMBER		NOT NULL,
	"MEMBER_NO"	NUMBER		NOT NULL,
	"PROD_NO"	NUMBER		NOT NULL,
	 "TITLE"     VARCHAR2(300) NOT NULL,
	"CONTENT"	CLOB		NOT NULL,
	"ENROLL_DATE"	TIMESTAMP	DEFAULT SYSDATE	NOT NULL,
	"MODIFY_DATE"	TIMESTAMP	DEFAULT SYSDATE	NOT NULL,
	"DELETE_YN"	CHAR(1)	DEFAULT 'N' CHECK(DELETE_YN IN ('Y' , 'N'))	NOT NULL
);

COMMENT ON COLUMN "YESSMALL_REVIEW"."MEMBER_NO" IS '회원번호';

COMMENT ON COLUMN "YESSMALL_REVIEW"."DELETE_YN" IS '삭제여부';


CREATE TABLE "YESSMALL_CATEGORY" (
	"PROD_CATE_NO"	NUMBER		NOT NULL,
	"PROD_CATEGORY"	VARCHAR2(15)		NOT NULL
);

COMMENT ON COLUMN "YESSMALL_CATEGORY"."PROD_CATEGORY" IS '상품 분류';


CREATE TABLE "YESSMALL_ATTACHMENT" (
	"PROD_IMG_NO"	NUMBER		NOT NULL,
	"PROD_NO"	NUMBER		NOT NULL,
	"ORIGIN_NAME"	VARCHAR2(255)		NOT NULL,
	"CHANGE_NAME"	VARCHAR2(255)		NOT NULL,
	"FILE_PATH"	VARCHAR2(1000)		NOT NULL,
	"ENROLL_DATE"	TIMESTAMP	DEFAULT SYSDATE	NOT NULL,
	"THUMB_YN"	CHAR(1)	DEFAULT 'N' CHECK(THUMB_YN IN('N','Y'))	NOT NULL,
	"STATUS"	CHAR(1)	DEFAULT 'O' CHECK(STATUS IN ('O', 'X'))	NOT NULL
);

COMMENT ON COLUMN "YESSMALL_ATTACHMENT"."ORIGIN_NAME" IS '기존 이름';

COMMENT ON COLUMN "YESSMALL_ATTACHMENT"."CHANGE_NAME" IS '변경된 이름';

COMMENT ON COLUMN "YESSMALL_ATTACHMENT"."FILE_PATH" IS '파일 경로';

COMMENT ON COLUMN "YESSMALL_ATTACHMENT"."ENROLL_DATE" IS '등록 일시';

COMMENT ON COLUMN "YESSMALL_ATTACHMENT"."THUMB_YN" IS '썸네일 여부';

COMMENT ON COLUMN "YESSMALL_ATTACHMENT"."STATUS" IS '상태';


CREATE TABLE "MARKET" (
	"NO"	NUMBER		NOT NULL,
	"MEMBER_NO"	NUMBER		NOT NULL,
	"MARKET_TYPE_NO"	NUMBER		NOT NULL,
	"TITLE"	VARCHAR2(100)		NULL,
	"OBJECT_NAME"	VARCHAR2(100)		NOT NULL,
	"OBJECT_INFO"	VARCHAR2(100)		NOT NULL,
	"TRADE_METHOD"	VARCHAR2(100)		NOT NULL,
	"OBJECT_PS"	VARCHAR2(1000)		NOT NULL,
	"ENROLL_DATE"	TIMESTAMP	DEFAULT SYSDATE	NOT NULL,
	"DELETE_YN"	CHAR(1)	DEFAULT 'N' CHECK(DELETE_YN IN ('Y' , 'N'))	NOT NULL,
	"MODIFY_DATE"	TIMESTAMP	DEFAULT SYSDATE	NOT NULL,
	"HIT"	NUMBER	DEFAULT 0	NOT NULL,
	"TRADE_YN"	CHAR(1)	DEFAULT 'N' CHECK(TRADE_YN IN ('Y' , 'N'))	NOT NULL
);

COMMENT ON COLUMN "MARKET"."NO" IS '글번호';

COMMENT ON COLUMN "MARKET"."MEMBER_NO" IS '회원번호';

COMMENT ON COLUMN "MARKET"."ENROLL_DATE" IS '작성일시';

COMMENT ON COLUMN "MARKET"."DELETE_YN" IS '삭제여부';

COMMENT ON COLUMN "MARKET"."MODIFY_DATE" IS '최종수정일시';

COMMENT ON COLUMN "MARKET"."HIT" IS '조회수';


CREATE TABLE "MARKET_CMT" (
	"NO"	NUMBER		NOT NULL,
	"MEMBER_NO"	NUMBER		NOT NULL,
	"MARKET_NO"	NUMBER		NOT NULL,
	"CMT"	VARCHAR2(300)		NOT NULL,
	"CMT_DATE"	TIMESTAMP	DEFAULT SYSDATE	NOT NULL,
	"DELETE_YN"	CHAR(1)	DEFAULT 'N' CHECK(DELETE_YN IN ('Y' , 'N'))	NOT NULL,
	"MODIFY_DATE"	TIMESTAMP	DEFAULT SYSDATE	NOT NULL,
	"SECRET_YN"	CHAR(1)	DEFAULT 'N' CHECK(SECRET_YN IN ('Y' , 'N'))	NOT NULL
);

COMMENT ON COLUMN "MARKET_CMT"."NO" IS '자유게시판 댓글 번호';

COMMENT ON COLUMN "MARKET_CMT"."MEMBER_NO" IS '회원번호';

COMMENT ON COLUMN "MARKET_CMT"."MARKET_NO" IS '글번호';

COMMENT ON COLUMN "MARKET_CMT"."CMT" IS '댓글 내용';

COMMENT ON COLUMN "MARKET_CMT"."CMT_DATE" IS '작성 날짜';

COMMENT ON COLUMN "MARKET_CMT"."DELETE_YN" IS '삭제 여부';

COMMENT ON COLUMN "MARKET_CMT"."MODIFY_DATE" IS '최종 수정 일시';


CREATE TABLE "MARKET_TYPE" (
	"NO"	NUMBER		NOT NULL,
	"MARKET_TYPE"	VARCHAR2(10)		NOT NULL
);


CREATE TABLE "RECYCLE_TYPE" (
	"NO"	NUMBER		NOT NULL,
	"TYPE"	VARCHAR2(100)		NOT NULL
);


CREATE TABLE "COMM_ATTACHMENT" (
	"NO"	NUMBER		NOT NULL,
	"COMMUNITY_NO"	NUMBER		NOT NULL,
	"ORIGIN_NAME"	VARCHAR2(255)		NOT NULL,
	"CHANGE_NAME"	VARCHAR2(255)		NOT NULL,
	"FILE_PATH"	VARCHAR2(1000)		NOT NULL,
	"ENROLL_DATE"	TIMESTAMP	DEFAULT SYSDATE	NOT NULL,
	"THUMB_YN"	CHAR(1)	DEFAULT 'N' CHECK(THUMB_YN IN('N', 'Y'))	NOT NULL,
	"STATUS"	CHAR(1)	DEFAULT 'O' CHECK(STATUS IN ('O', 'X'))	NOT NULL
);

COMMENT ON COLUMN "COMM_ATTACHMENT"."COMMUNITY_NO" IS '글번호';


CREATE TABLE "POINT_HISTORY" (
	"NO"	NUMBER		NOT NULL,
	"MEMBER_NO"	NUMBER		NOT NULL,
	"TIME_REPORT"	TIMESTAMP	DEFAULT SYSDATE	NOT NULL,
	"POINT"	NUMBER		NOT NULL,
	"POINT_PLACE_NO"	NUMBER		NOT NULL
);

COMMENT ON COLUMN "POINT_HISTORY"."NO" IS '포인트내역번호';

COMMENT ON COLUMN "POINT_HISTORY"."MEMBER_NO" IS '회원번호';

COMMENT ON COLUMN "POINT_HISTORY"."TIME_REPORT" IS '적립/사용일자';

COMMENT ON COLUMN "POINT_HISTORY"."POINT" IS '적립/사용포인트';

COMMENT ON COLUMN "POINT_HISTORY"."POINT_PLACE_NO" IS '적립/사용처번호';


CREATE TABLE "COMM_CATE" (
	"NO"	NUMBER		NOT NULL,
	"NAME"	VARCHAR2(12)		NULL
);


CREATE TABLE "COMM_LIKE" (
	"COMMUNITY_NO"	NUMBER		NOT NULL,
	"MEMBER_NO"	NUMBER		NOT NULL
);

COMMENT ON COLUMN "COMM_LIKE"."COMMUNITY_NO" IS '글번호';

COMMENT ON COLUMN "COMM_LIKE"."MEMBER_NO" IS '회원번호';


CREATE TABLE "ORDER_DETAIL" (
	"NO"	NUMBER		NOT NULL,
	"YESSMALL_PROD"	NUMBER		NOT NULL,
	"ORDER_NO"	NUMBER		NOT NULL,
	"CNT"	NUMBER		NOT NULL
);

COMMENT ON COLUMN "ORDER_DETAIL"."NO" IS '내역번호';

COMMENT ON COLUMN "ORDER_DETAIL"."ORDER_NO" IS '주문번호';

COMMENT ON COLUMN "ORDER_DETAIL"."CNT" IS '수량';


CREATE TABLE "ZZIM" (
	"MARKET_NO"	NUMBER		NOT NULL,
	"MEMBER_NO"	NUMBER		NOT NULL
);

COMMENT ON COLUMN "ZZIM"."MARKET_NO" IS '글번호';

COMMENT ON COLUMN "ZZIM"."MEMBER_NO" IS '회원번호';


CREATE TABLE "YESS_LIKED" (
	"MEMBER_NO"	NUMBER		NOT NULL,
	"PROD_NO"	NUMBER		NOT NULL
);

COMMENT ON COLUMN "YESS_LIKED"."MEMBER_NO" IS '회원번호';


CREATE TABLE "POINT_PLACE" (
	"NO"	NUMBER		NOT NULL,
	"PLACE"	VARCHAR2(20)		NOT NULL
);

COMMENT ON COLUMN "POINT_PLACE"."NO" IS '적립/사용처번호';

COMMENT ON COLUMN "POINT_PLACE"."PLACE" IS '적립/사용처';


CREATE TABLE "NEWS_TYPE" (
	"NO"	NUMBER		NOT NULL,
	"TYPE"	VARCHAR2(30)		NOT NULL
);

COMMENT ON COLUMN "NEWS_TYPE"."NO" IS '카테고리 번호';

COMMENT ON COLUMN "NEWS_TYPE"."TYPE" IS '공지사항 카테고리';


CREATE TABLE "QNA_TYPE" (
	"NO"	NUMBER		NOT NULL,
	"QNA_TYPE"	VARCHAR2(30)		NOT NULL
);

COMMENT ON COLUMN "QNA_TYPE"."NO" IS '카테고리 번호';

COMMENT ON COLUMN "QNA_TYPE"."QNA_TYPE" IS '문의유형';


CREATE TABLE "REPORT_BOARD_TYPE" (
	"NO"	NUMBER		NOT NULL,
	"TYPE"	VARCHAR2(20)		NOT NULL
);


CREATE TABLE "MARKET_ATTACHMENT" (
	"NO"	NUMBER		NOT NULL,
	"MARKET_NO"	NUMBER		NOT NULL,
	"ORIGIN_NAME"	VARCHAR2(255)		NOT NULL,
	"CHANGE_NAME"	VARCHAR2(255)		NOT NULL,
	"FILE_PATH"	VARCHAR2(1000)		NOT NULL,
	"ENROLL_DATE"	TIMESTAMP	DEFAULT SYSDATE	NOT NULL,
	"THUMB_YN"	CHAR(1)	DEFAULT 'N' CHECK(THUMB_YN IN('N','Y'))	NOT NULL,
	"STATUS"	CHAR(1)	DEFAULT 'O' CHECK(STATUS IN ('O', 'X'))	NOT NULL
);

COMMENT ON COLUMN "MARKET_ATTACHMENT"."MARKET_NO" IS '글번호';

COMMENT ON COLUMN "MARKET_ATTACHMENT"."ORIGIN_NAME" IS '기존 이름';

COMMENT ON COLUMN "MARKET_ATTACHMENT"."CHANGE_NAME" IS '변경된 이름';

COMMENT ON COLUMN "MARKET_ATTACHMENT"."FILE_PATH" IS '파일경로';

COMMENT ON COLUMN "MARKET_ATTACHMENT"."ENROLL_DATE" IS '등록일시';

COMMENT ON COLUMN "MARKET_ATTACHMENT"."THUMB_YN" IS '썸네일 여부';

COMMENT ON COLUMN "MARKET_ATTACHMENT"."STATUS" IS '상태';


CREATE TABLE "YESSMALL_REVIEW_ATTACHMENT" (
	"RV_FILE_NO"	NUMBER		NOT NULL,
	"RV_NO"	NUMBER		NOT NULL,
	"ORIGIN_NAME"	VARCHAR2(255)		NOT NULL,
	"CHANGE_NAME"	VARCHAR2(255)		NOT NULL,
	"FILE_PATH"	VARCHAR2(1000)		NOT NULL,
	"ENROLL_DATE"	TIMESTAMP	DEFAULT SYSDATE	NOT NULL,
	"THUMB_YN"	CHAR(1)	DEFAULT 'N' CHECK(THUMB_YN IN('N','Y'))	NOT NULL,
	"STATUS"	CHAR(1)	DEFAULT 'O' CHECK(STATUS IN ('O', 'X'))	NOT NULL
);

COMMENT ON COLUMN "YESSMALL_REVIEW_ATTACHMENT"."ORIGIN_NAME" IS '기존이름';

COMMENT ON COLUMN "YESSMALL_REVIEW_ATTACHMENT"."CHANGE_NAME" IS '변경된 이름';

COMMENT ON COLUMN "YESSMALL_REVIEW_ATTACHMENT"."FILE_PATH" IS '파일 경로';

COMMENT ON COLUMN "YESSMALL_REVIEW_ATTACHMENT"."ENROLL_DATE" IS '등록 일시';

COMMENT ON COLUMN "YESSMALL_REVIEW_ATTACHMENT"."THUMB_YN" IS '썸네일 여부';

COMMENT ON COLUMN "YESSMALL_REVIEW_ATTACHMENT"."STATUS" IS '상태';


CREATE TABLE "RECYCLE_ATTACHMENT" (
	"NO"	NUMBER		NOT NULL,
	"RECYCLE_NO"	NUMBER		NOT NULL,
	"ORIGIN_NAME"	VARCHAR2(255)		NOT NULL,
	"CHANGE_NAME"	VARCHAR2(255)		NOT NULL,
	"FILE_PATH"	VARCHAR2(1000)		NOT NULL,
	"ENROLL_DATE"	TIMESTAMP	DEFAULT SYSDATE	NOT NULL,
	"THUMB_YN"	CHAR(1)	DEFAULT 'N' CHECK(THUMB_YN IN('N', 'Y'))	NOT NULL,
	"STATUS"	CHAR(1)	DEFAULT 'O' CHECK(STATUS IN ('O', 'X'))	NOT NULL
);

COMMENT ON COLUMN "RECYCLE_ATTACHMENT"."NO" IS '사진 번호';

COMMENT ON COLUMN "RECYCLE_ATTACHMENT"."RECYCLE_NO" IS '분리수거번호';

COMMENT ON COLUMN "RECYCLE_ATTACHMENT"."ORIGIN_NAME" IS '기존파일명';

COMMENT ON COLUMN "RECYCLE_ATTACHMENT"."CHANGE_NAME" IS '바뀐파일명';

COMMENT ON COLUMN "RECYCLE_ATTACHMENT"."FILE_PATH" IS '파일경로';

COMMENT ON COLUMN "RECYCLE_ATTACHMENT"."ENROLL_DATE" IS '업로드일시';

COMMENT ON COLUMN "RECYCLE_ATTACHMENT"."THUMB_YN" IS '썸네일여부';

COMMENT ON COLUMN "RECYCLE_ATTACHMENT"."STATUS" IS '상태';


CREATE TABLE "COMM_CMT" (
	"NO"	NUMBER		NOT NULL,
	"COMMUNITY_NO"	NUMBER		NOT NULL,
	"MEMBER_NO"	NUMBER		NOT NULL,
	"CMT"	VARCHAR2(300)		NOT NULL,
	"CMT_DATE"	TIMESTAMP	DEFAULT SYSDATE	NOT NULL,
	"DELETE_YN"	CHAR(1)	DEFAULT 'N' CHECK(DELETE_YN IN ('Y' , 'N'))	NOT NULL,
	"MODIFY_DATE"	TIMESTAMP	DEFAULT SYSDATE	NOT NULL
);

COMMENT ON COLUMN "COMM_CMT"."NO" IS '자유게시판 댓글 번호';

COMMENT ON COLUMN "COMM_CMT"."COMMUNITY_NO" IS '글번호';

COMMENT ON COLUMN "COMM_CMT"."MEMBER_NO" IS '회원번호';

COMMENT ON COLUMN "COMM_CMT"."CMT" IS '댓글 내용';

COMMENT ON COLUMN "COMM_CMT"."CMT_DATE" IS '작성 날짜';

COMMENT ON COLUMN "COMM_CMT"."DELETE_YN" IS '삭제 여부';

COMMENT ON COLUMN "COMM_CMT"."MODIFY_DATE" IS '최종 수정 일시';


CREATE TABLE "COMM_HASHTAG" (
	"NO"	NUMBER		NOT NULL,
	"HASHTAG_NO"	NUMBER		NOT NULL
);

COMMENT ON COLUMN "COMM_HASHTAG"."NO" IS '글번호';


CREATE TABLE "HASHTAG" (
	"HASHTAG_NO"	NUMBER		NOT NULL,
	"NAME"	VARCHAR2(255)		NOT NULL
);

COMMIT;

--------------------------------------------------------------------------
--FOREIGN KEY-------------------------------------------------------------
--------------------------------------------------------------------------

ALTER TABLE "MEMBER" ADD CONSTRAINT "PK_MEMBER" PRIMARY KEY (
	"NO"
);

ALTER TABLE "COMM" ADD CONSTRAINT "PK_COMM" PRIMARY KEY (
	"NO"
);

ALTER TABLE "REPORT" ADD CONSTRAINT "PK_REPORT" PRIMARY KEY (
	"NO"
);

ALTER TABLE "NEWS" ADD CONSTRAINT "PK_NEWS" PRIMARY KEY (
	"NO"
);

ALTER TABLE "REPORT_TYPE" ADD CONSTRAINT "PK_REPORT_TYPE" PRIMARY KEY (
	"NO"
);

ALTER TABLE "QNA" ADD CONSTRAINT "PK_QNA" PRIMARY KEY (
	"NO"
);

ALTER TABLE "RECYCLE" ADD CONSTRAINT "PK_RECYCLE" PRIMARY KEY (
	"NO"
);

ALTER TABLE "GRADE" ADD CONSTRAINT "PK_GRADE" PRIMARY KEY (
	"NO"
);

ALTER TABLE "ORDER" ADD CONSTRAINT "PK_ORDER" PRIMARY KEY (
	"NO"
);

ALTER TABLE "PAYMENT" ADD CONSTRAINT "PK_PAYMENT" PRIMARY KEY (
	"NO"
);

ALTER TABLE "FAQ" ADD CONSTRAINT "PK_FAQ" PRIMARY KEY (
	"NO",
	"QNA_TYPE_NO"
);

ALTER TABLE "YESSMALL_PROD" ADD CONSTRAINT "PK_YESSMALL_PROD" PRIMARY KEY (
	"PROD_NO"
);

ALTER TABLE "YESSMALL_REVIEW" ADD CONSTRAINT "PK_YESSMALL_REVIEW" PRIMARY KEY (
	"RV_NO"
);

ALTER TABLE "YESSMALL_CATEGORY" ADD CONSTRAINT "PK_YESSMALL_CATEGORY" PRIMARY KEY (
	"PROD_CATE_NO"
);

ALTER TABLE "YESSMALL_ATTACHMENT" ADD CONSTRAINT "PK_YESSMALL_ATTACHMENT" PRIMARY KEY (
	"PROD_IMG_NO"
);

ALTER TABLE "MARKET" ADD CONSTRAINT "PK_MARKET" PRIMARY KEY (
	"NO"
);

ALTER TABLE "MARKET_CMT" ADD CONSTRAINT "PK_MARKET_CMT" PRIMARY KEY (
	"NO"
);

ALTER TABLE "MARKET_TYPE" ADD CONSTRAINT "PK_MARKET_TYPE" PRIMARY KEY (
	"NO"
);

ALTER TABLE "RECYCLE_TYPE" ADD CONSTRAINT "PK_RECYCLE_TYPE" PRIMARY KEY (
	"NO"
);

ALTER TABLE "COMM_ATTACHMENT" ADD CONSTRAINT "PK_COMM_ATTACHMENT" PRIMARY KEY (
	"NO"
);

ALTER TABLE "POINT_HISTORY" ADD CONSTRAINT "PK_POINT_HISTORY" PRIMARY KEY (
	"NO"
);

ALTER TABLE "COMM_CATE" ADD CONSTRAINT "PK_COMM_CATE" PRIMARY KEY (
	"NO"
);

ALTER TABLE "ORDER_DETAIL" ADD CONSTRAINT "PK_ORDER_DETAIL" PRIMARY KEY (
	"NO"
);

ALTER TABLE "POINT_PLACE" ADD CONSTRAINT "PK_POINT_PLACE" PRIMARY KEY (
	"NO"
);

ALTER TABLE "NEWS_TYPE" ADD CONSTRAINT "PK_NEWS_TYPE" PRIMARY KEY (
	"NO"
);

ALTER TABLE "QNA_TYPE" ADD CONSTRAINT "PK_QNA_TYPE" PRIMARY KEY (
	"NO"
);

ALTER TABLE "REPORT_BOARD_TYPE" ADD CONSTRAINT "PK_REPORT_BOARD_TYPE" PRIMARY KEY (
	"NO"
);

ALTER TABLE "MARKET_ATTACHMENT" ADD CONSTRAINT "PK_MARKET_ATTACHMENT" PRIMARY KEY (
	"NO"
);

ALTER TABLE "YESSMALL_REVIEW_ATTACHMENT" ADD CONSTRAINT "PK_YESSMALL_REVIEW_ATTACHMENT" PRIMARY KEY (
	"RV_FILE_NO"
);

ALTER TABLE "RECYCLE_ATTACHMENT" ADD CONSTRAINT "PK_RECYCLE_ATTACHMENT" PRIMARY KEY (
	"NO"
);

ALTER TABLE "COMM_CMT" ADD CONSTRAINT "PK_COMM_CMT" PRIMARY KEY (
	"NO"
);

ALTER TABLE "HASHTAG" ADD CONSTRAINT "PK_HASHTAG" PRIMARY KEY (
	"HASHTAG_NO"
);

ALTER TABLE "FAQ" ADD CONSTRAINT "FK_QNA_TYPE_TO_FAQ_1" FOREIGN KEY (
	"QNA_TYPE_NO"
)
REFERENCES "QNA_TYPE" (
	"NO"
);

COMMIT;

--------------------------------------------------------------------------
--COMMUNITY 구문--------------------------------------------------------------
--------------------------------------------------------------------------
DROP TABLE "COMM" CASCADE CONSTRAINTS;
DROP TABLE "COMM_ATTACHMENT" CASCADE CONSTRAINTS;
DROP TABLE "COMM_CATE" CASCADE CONSTRAINTS;
DROP TABLE "COMM_LIKE" CASCADE CONSTRAINTS;
DROP TABLE "COMM_CMT" CASCADE CONSTRAINTS;
DROP TABLE "COMM_HASHTAG" CASCADE CONSTRAINTS;
DROP TABLE "HASHTAG" CASCADE CONSTRAINTS;

CREATE TABLE "COMM" (
	"NO"	NUMBER		NOT NULL,
	"MEMBER_NO"	NUMBER		NOT NULL,
	"CATEGORY"	NUMBER		NOT NULL,
	"TITLE"	VARCHAR2(1000)		NOT NULL,
	"CONTENT"	VARCHAR2(4000)		NOT NULL,
	"ENROLL_DATE"	TIMESTAMP	DEFAULT SYSDATE	NOT NULL,
	"DELETE_YN"	CHAR(1)	DEFAULT 'N' CHECK(DELETE_YN IN ('Y' , 'N'))	NOT NULL,
	"MODIFY_DATE"	TIMESTAMP	DEFAULT SYSDATE	NOT NULL,
	"HIT"	NUMBER	DEFAULT 0	NOT NULL,
	"PICK_YN"	CHAR(1)	DEFAULT 'N' CHECK(PICK_YN IN ('Y' , 'N'))	NOT NULL,
    "LIKE_CNT" NUMBER DEFAULT 0 NOT NULL,
    "HASHTAG" VARCHAR2(4000) NULL
);

COMMENT ON COLUMN "COMM"."NO" IS '글번호';

COMMENT ON COLUMN "COMM"."MEMBER_NO" IS '회원번호';

COMMENT ON COLUMN "COMM"."TITLE" IS '글제목';

COMMENT ON COLUMN "COMM"."CONTENT" IS '글내용';

COMMENT ON COLUMN "COMM"."ENROLL_DATE" IS '작성일시';

COMMENT ON COLUMN "COMM"."DELETE_YN" IS '삭제여부';

COMMENT ON COLUMN "COMM"."MODIFY_DATE" IS '최종수정일시';

CREATE TABLE "COMM_ATTACHMENT" (
	"NO"	NUMBER		NOT NULL,
	"COMM_NO"	NUMBER		NOT NULL,
	"ORIGIN_NAME"	VARCHAR2(255)		NOT NULL,
	"CHANGE_NAME"	VARCHAR2(255)		NOT NULL,
	"FILE_PATH"	VARCHAR2(1000)		NOT NULL,
	"ENROLL_DATE"	TIMESTAMP	DEFAULT SYSDATE	NOT NULL,
	"THUMB_YN"	CHAR(1)	DEFAULT 'Y' CHECK(THUMB_YN IN('N', 'Y'))	NOT NULL,
	"STATUS"	CHAR(1)	DEFAULT 'O' CHECK(STATUS IN ('O', 'X'))	NOT NULL
);


COMMENT ON COLUMN "COMM_ATTACHMENT"."COMM_NO" IS '글번호';

CREATE TABLE "COMM_CATE" (
	"NO"	NUMBER		NOT NULL,
	"NAME"	VARCHAR2(255)		NULL
);


CREATE TABLE "COMM_LIKE" (
	"COMMUNITY_NO"	NUMBER		NOT NULL,
	"MEMBER_NO"	NUMBER		NOT NULL
);

COMMENT ON COLUMN "COMM_LIKE"."COMMUNITY_NO" IS '글번호';

COMMENT ON COLUMN "COMM_LIKE"."MEMBER_NO" IS '회원번호';


CREATE TABLE "COMM_CMT" (
	"NO"	NUMBER		NOT NULL,
	"COMMUNITY_NO"	NUMBER		NOT NULL,
	"MEMBER_NO"	NUMBER		NOT NULL,
	"CMT"	VARCHAR2(300)		NOT NULL,
	"CMT_DATE"	TIMESTAMP	DEFAULT SYSDATE	NOT NULL,
	"DELETE_YN"	CHAR(1)	DEFAULT 'N' CHECK(DELETE_YN IN ('Y' , 'N'))	NOT NULL,
	"MODIFY_DATE"	TIMESTAMP	DEFAULT SYSDATE	NOT NULL
);


COMMENT ON COLUMN "COMM_CMT"."NO" IS '자유게시판 댓글 번호';

COMMENT ON COLUMN "COMM_CMT"."COMMUNITY_NO" IS '글번호';

COMMENT ON COLUMN "COMM_CMT"."MEMBER_NO" IS '회원번호';

COMMENT ON COLUMN "COMM_CMT"."CMT" IS '댓글 내용';

COMMENT ON COLUMN "COMM_CMT"."CMT_DATE" IS '작성 날짜';

COMMENT ON COLUMN "COMM_CMT"."DELETE_YN" IS '삭제 여부';

COMMENT ON COLUMN "COMM_CMT"."MODIFY_DATE" IS '최종 수정 일시';


CREATE TABLE "COMM_HASHTAG" (
	"NO"	NUMBER		NOT NULL,
	"HASHTAG_NO"	NUMBER		NOT NULL
);


CREATE TABLE "HASHTAG" (
	"HASHTAG_NO"	NUMBER		NOT NULL,
	"NAME"	VARCHAR2(255)		NOT NULL
);


-------------------------------------------------------------------------------
--SEQUENCE---------------------------------------------------------------------
-------------------------------------------------------------------------------
DROP SEQUENCE SEQ_COMM_NO;
DROP SEQUENCE SEQ_COMM_ATTACHMENT_NO;
DROP SEQUENCE SEQ_COMM_CMT_NO;

CREATE SEQUENCE SEQ_COMM_NO NOCACHE NOCYCLE;
CREATE SEQUENCE SEQ_COMM_ATTACHMENT_NO NOCACHE NOCYCLE;
CREATE SEQUENCE SEQ_COMM_CMT_NO NOCACHE NOCYCLE;

-------------------------------------------------------------------------------
--ALTER------------------------------------------------------------------------
-------------------------------------------------------------------------------
ALTER TABLE "COMM_ATTACHMENT" ADD CONSTRAINT "PK_COMM_ATTACHMENT" PRIMARY KEY (
	"NO"
);

ALTER TABLE "COMM_CATE" ADD CONSTRAINT "PK_COMM_CATE" PRIMARY KEY (
	"NO"
);

ALTER TABLE "COMM_CMT" ADD CONSTRAINT "PK_COMM_CMT" PRIMARY KEY (
	"NO"
);


ALTER TABLE "COMM" ADD CONSTRAINT "FK_MEMBER_TO_COMM_1" FOREIGN KEY (
	"MEMBER_NO"
)
REFERENCES "MEMBER" (
	"NO"
);

ALTER TABLE "COMM" ADD CONSTRAINT "FK_COMM_CATE_TO_COMM_1" FOREIGN KEY (
	"COMM_CATE_NO"
)
REFERENCES "COMM_CATE" (
	"NO"
);

ALTER TABLE "COMM_ATTACHMENT" ADD CONSTRAINT "FK_COMM_TO_COMM_ATTACHMENT_1" FOREIGN KEY (
	"COMM_NO"
)
REFERENCES "COMM" (
	"NO"
);
ALTER TABLE "COMM_LIKE" ADD CONSTRAINT "FK_COMM_TO_COMM_LIKE_1" FOREIGN KEY (
	"COMM_NO"
)
REFERENCES "COMM" (
	"NO"
);

ALTER TABLE "COMM_LIKE" ADD CONSTRAINT "FK_MEMBER_TO_COMM_LIKE_1" FOREIGN KEY (
	"MEMBER_NO"
)
REFERENCES "MEMBER" (
	"NO"
);

ALTER TABLE "COMM_CMT" ADD CONSTRAINT "FK_COMM_TO_COMM_CMT_1" FOREIGN KEY (
	"COMMUNITY_NO"
)
REFERENCES "COMM" (
	"NO"
);

ALTER TABLE "COMM_CMT" ADD CONSTRAINT "FK_MEMBER_TO_COMM_CMT_1" FOREIGN KEY (
	"MEMBER_NO"
)
REFERENCES "MEMBER" (
	"NO"
);


-------------------------------------------------------------------------------
--INSERT-----------------------------------------------------------------------
-------------------------------------------------------------------------------
INSERT INTO MEMBER VALUES(77, 2, 'user77', '1234', '손흥민', '010-1111-7777', '손흥민', '우리집', SYSDATE, SYSDATE, 'N', 100, 5, SYSDATE ); 
INSERT INTO COMM VALUES(SEQ_COMM_NO.NEXTVAL, 77, 1, '분리수거 정보 공유합니다~', '좋아요 많이 눌러주시면 다음 편에 쓰겠습니다^_~', SYSDATE, 'N', SYSDATE, '100', 'N', 20 ,'해시태그');
INSERT INTO COMM VALUES(SEQ_COMM_NO.NEXTVAL, 77, 2, '분리수거 관련 문의합니다!', '좋아요 많이 눌러주시면 다음 편에 쓰겠습니다^_~', SYSDATE, 'N', SYSDATE, '100', 'N', 20 ,'해시태그');
INSERT INTO COMM VALUES(SEQ_COMM_NO.NEXTVAL, 77, 3, '예쓰 덕분에 분리수거가 쉬워요~', '좋아요 많이 눌러주시면 다음 편에 쓰겠습니다^_~', SYSDATE, 'N', SYSDATE, '100', 'N', 20 ,'해시태그');

INSERT INTO MEMBER VALUES(55, 2, 'moon108101', '1234', '피글렛', '010-1111-7777', '피글렛', '우리집', SYSDATE, SYSDATE, 'N', 100, 5, SYSDATE ); 
INSERT INTO COMM VALUES(SEQ_COMM_NO.NEXTVAL, 55, 1, '꿀팁 공유해요!!', '좋아요 많이 눌러주시면 다음 편에 쓰겠습니다^_~', SYSDATE, 'N', SYSDATE, '100', 'N', 20 ,'해시태그');
INSERT INTO COMM VALUES(SEQ_COMM_NO.NEXTVAL, 55, 2, '이거는 어떻게 처리하죠?', '좋아요 많이 눌러주시면 다음 편에 쓰겠습니다^_~', SYSDATE, 'N', SYSDATE, '100', 'N', 20 ,'해시태그');
INSERT INTO COMM VALUES(SEQ_COMM_NO.NEXTVAL, 55, 3, '오늘도 예쓰에 들어왔어요!', '좋아요 많이 눌러주시면 다음 편에 쓰겠습니다^_~', SYSDATE, 'N', SYSDATE, '100', 'N', 20 ,'해시태그');

INSERT INTO MEMBER VALUES(777, 2, 'user777', '1234', '예쓰좋아', '010-1111-7777', '피글렛', '우리집', SYSDATE, SYSDATE, 'N', 100, 5, SYSDATE ); 
INSERT INTO COMM VALUES(SEQ_COMM_NO.NEXTVAL, 55, 1, '좋은 정보 많이 얻을 수 있어서 좋아요!', '좋아요 많이 눌러주시면 다음 편에 쓰겠습니다^_~', SYSDATE, 'N', SYSDATE, '100', 'N', 20 ,'해시태그');
INSERT INTO COMM VALUES(SEQ_COMM_NO.NEXTVAL, 55, 2, '파인애플은 어떻게 버릴까요?', '좋아요 많이 눌러주시면 다음 편에 쓰겠습니다^_~', SYSDATE, 'N', SYSDATE, '100', 'N', 20 ,'해시태그');
INSERT INTO COMM VALUES(SEQ_COMM_NO.NEXTVAL, 55, 3, '라벨프리 제품들이 많네요 ㅎㅎ', '좋아요 많이 눌러주시면 다음 편에 쓰겠습니다^_~', SYSDATE, 'N', SYSDATE, '100', 'N', 20 ,'해시태그');

INSERT INTO MEMBER VALUES(555, 2, 'user555', '1234', '지구수비대', '010-1111-7777', '피글렛', '우리집', SYSDATE, SYSDATE, 'N', 100, 5, SYSDATE ); 
INSERT INTO COMM VALUES(SEQ_COMM_NO.NEXTVAL, 55, 1, '정말 좋은 특급 꿀팁 알려드려요^_^', '좋아요 많이 눌러주시면 다음 편에 쓰겠습니다^_~', SYSDATE, 'N', SYSDATE, '100', 'N', 20 ,'해시태그');
INSERT INTO COMM VALUES(SEQ_COMM_NO.NEXTVAL, 55, 2, '배달음식 용기가 분리수거하기 어려운 것 같아요', '좋아요 많이 눌러주시면 다음 편에 쓰겠습니다^_~', SYSDATE, 'N', SYSDATE, '100', 'N', 20 ,'해시태그');
INSERT INTO COMM VALUES(SEQ_COMM_NO.NEXTVAL, 55, 3, '저보다 게시글 많이 쓴 사람이 있을까요?', '좋아요 많이 눌러주시면 다음 편에 쓰겠습니다^_~', SYSDATE, 'N', SYSDATE, '100', 'N', 20 ,'해시태그');

COMMIT;

INSERT INTO COMM_CATE VALUES(1, '정보게시판');
INSERT INTO COMM_CATE VALUES(2, '문의게시판');
INSERT INTO COMM_CATE VALUES(3, '잡담게시판');
INSERT INTO COMM_CATE VALUES(4, '사진게시판');

COMMIT;



--마켓 더미데이터

---------------------------
--GRADE
---------------------------
INSERT INTO GRADE VALUES(1,'씨앗');
INSERT INTO GRADE VALUES(2,'새싹');
INSERT INTO GRADE VALUES(3,'가지');
INSERT INTO GRADE VALUES(4,'꽃잎');
INSERT INTO GRADE VALUES(5,'옆매');
INSERT INTO GRADE VALUES(8,'비료');
INSERT INTO GRADE VALUES(9,'관리자');
---------------------------
--MEMBER
---------------------------
INSERT INTO MEMBER(NO, ID, PWD, NAME, PHONE, NICK, ADDR)
VALUES(SEQ_MEMBER_NO.NEXTVAL, 'admin', '1234', '관리자', '010-1234-5678', 'admin', '사무실');

INSERT INTO MEMBER(NO, ID, PWD, NAME, PHONE, NICK, ADDR)
VALUES(SEQ_MEMBER_NO.NEXTVAL, 'bk5991', '1234', '김보경', '010-5333-5991', 'ANT', '우리집');

INSERT INTO MEMBER(NO, ID, PWD, NAME, PHONE, NICK, ADDR)
VALUES(SEQ_MEMBER_NO.NEXTVAL, 'user01', '1234', '박서연', '010-8765-4321', 'SY01', '서연이네');

INSERT INTO MEMBER(NO, ID, PWD, NAME, PHONE, NICK, ADDR)
VALUES(SEQ_MEMBER_NO.NEXTVAL, 'user02', '1234', '문동주', '010-4321-8765', 'DJ02', '동주네');

INSERT INTO MEMBER(NO, ID, PWD, NAME, PHONE, NICK, ADDR)
VALUES(SEQ_MEMBER_NO.NEXTVAL, 'user03', '1234', '백재은', '010-5678-1234', 'JE03', '재은이네');

INSERT INTO MEMBER(NO, ID, PWD, NAME, PHONE, NICK, ADDR)
VALUES(SEQ_MEMBER_NO.NEXTVAL, 'user04', '1234', '우지운', '010-9876-5432', 'JW04', '지운이네');
---------------------------
--YeSS Market 유형 번호
---------------------------
INSERT INTO MARKET_TYPE(NO, MARKET_TYPE) VALUES(SEQ_MARKET_TYPE_NO.NEXTVAL, '팔아요');
INSERT INTO MARKET_TYPE(NO, MARKET_TYPE) VALUES(SEQ_MARKET_TYPE_NO.NEXTVAL, '구해요');
INSERT INTO MARKET_TYPE(NO, MARKET_TYPE) VALUES(SEQ_MARKET_TYPE_NO.NEXTVAL, '나눠요');
INSERT INTO MARKET_TYPE(NO, MARKET_TYPE) VALUES(SEQ_MARKET_TYPE_NO.NEXTVAL, '바꿔요');
---------------------------
--YeSS Market 게시글
---------------------------
INSERT INTO MARKET
(NO, MEMBER_NO, TITLE, MARKET_TYPE_NO, OBJECT_NAME, OBJECT_INFO, TRADE_METHOD, OBJECT_PS, ENROLL_DATE, DELETE_YN, MODIFY_DATE, HIT, TRADE_YN)
VALUES(SEQ_MARKET_NO.NEXTVAL, '2', '팔아요팔아요팔아요', '1', '파는 물건', '파는 물건 상세정보', '직거래 환영', '파는 물건 설명', '2022-10-01', 'N', '2022-10-01', '46', 'Y');

INSERT INTO MARKET
(NO, MEMBER_NO, TITLE, MARKET_TYPE_NO, OBJECT_NAME, OBJECT_INFO, TRADE_METHOD, OBJECT_PS, ENROLL_DATE, DELETE_YN, MODIFY_DATE, HIT, TRADE_YN)
VALUES(SEQ_MARKET_NO.NEXTVAL, '3', '구합니다', '2', '필요한 물건', '필요한 물건 상세정보', '택배거래', '구하는 물건 설명', '2022-10-21', 'N', '2022-10-21', '12', 'N');

INSERT INTO MARKET
(NO, MEMBER_NO, TITLE, MARKET_TYPE_NO, OBJECT_NAME, OBJECT_INFO, TRADE_METHOD, OBJECT_PS, ENROLL_DATE, DELETE_YN, MODIFY_DATE, HIT, TRADE_YN)
VALUES(SEQ_MARKET_NO.NEXTVAL, '4', '나눠드릴게요 가져가세요', '3', '나눔 할 물건', '나눔 할 물건 상세정보', '택배거래', '나눔 할 물건 설명', '2022-10-27', 'N', '2022-10-27', '21', 'N');

INSERT INTO MARKET
(NO, MEMBER_NO, TITLE, MARKET_TYPE_NO, OBJECT_NAME, OBJECT_INFO, TRADE_METHOD, OBJECT_PS, ENROLL_DATE, DELETE_YN, MODIFY_DATE, HIT, TRADE_YN)
VALUES(SEQ_MARKET_NO.NEXTVAL, '5', '바꿀 사람 찾아요', '4', '바꿀 물건', '바꿀 물건 상세정보', '만나서 교환', '바꿀 물건 설명', '2022-11-07', 'N', '2022-11-07', '14', 'Y');

INSERT INTO MARKET
(NO, MEMBER_NO, TITLE, MARKET_TYPE_NO, OBJECT_NAME, OBJECT_INFO, TRADE_METHOD, OBJECT_PS, ENROLL_DATE, DELETE_YN, MODIFY_DATE, HIT, TRADE_YN)
VALUES(SEQ_MARKET_NO.NEXTVAL, '2', '팔아요팔아요팔아요', '1', '파는 물건', '파는 물건 상세정보', '직거래 환영', '파는 물건 설명', '2022-11-14', 'N', '2022-11-14', '7', 'N');

INSERT INTO MARKET
(NO, MEMBER_NO, TITLE, MARKET_TYPE_NO, OBJECT_NAME, OBJECT_INFO, TRADE_METHOD, OBJECT_PS, ENROLL_DATE, DELETE_YN, MODIFY_DATE, HIT, TRADE_YN)
VALUES(SEQ_MARKET_NO.NEXTVAL, '3', '구합니다', '2', '필요한 물건', '필요한 물건 상세정보', '택배거래', '구하는 물건 설명', '2022-11-17', 'N', '2022-11-17', '21', 'N');

INSERT INTO MARKET
(NO, MEMBER_NO, TITLE, MARKET_TYPE_NO, OBJECT_NAME, OBJECT_INFO, TRADE_METHOD, OBJECT_PS, ENROLL_DATE, DELETE_YN, MODIFY_DATE, HIT, TRADE_YN)
VALUES(SEQ_MARKET_NO.NEXTVAL, '4', '나눠드릴게요 가져가세요', '3', '나눔 할 물건', '나눔 할 물건 상세정보', '택배거래', '나눔 할 물건 설명', '2022-11-21', 'N', '2022-11-21', '13', 'Y');

INSERT INTO MARKET
(NO, MEMBER_NO, TITLE, MARKET_TYPE_NO, OBJECT_NAME, OBJECT_INFO, TRADE_METHOD, OBJECT_PS, ENROLL_DATE, DELETE_YN, MODIFY_DATE, HIT, TRADE_YN)
VALUES(SEQ_MARKET_NO.NEXTVAL, '2', '팔아요팔아요팔아요', '1', '파는 물건', '파는 물건 상세정보', '직거래 환영', '파는 물건 설명', '2022-11-27', 'N', '2022-11-27', '3', 'Y');

INSERT INTO MARKET
(NO, MEMBER_NO, TITLE, MARKET_TYPE_NO, OBJECT_NAME, OBJECT_INFO, TRADE_METHOD, OBJECT_PS, ENROLL_DATE, DELETE_YN, MODIFY_DATE, HIT, TRADE_YN)
VALUES(SEQ_MARKET_NO.NEXTVAL, '4', '나눠드릴게요 가져가세요', '3', '나눔 할 물건', '나눔 할 물건 상세정보', '택배거래', '나눔 할 물건 설명', '2022-12-03', 'N', '2022-12-03', '2', 'N');

INSERT INTO MARKET
(NO, MEMBER_NO, TITLE, MARKET_TYPE_NO, OBJECT_NAME, OBJECT_INFO, TRADE_METHOD, OBJECT_PS, ENROLL_DATE, DELETE_YN, MODIFY_DATE, HIT, TRADE_YN)
VALUES(SEQ_MARKET_NO.NEXTVAL, '5', '바꿀 사람 찾아요', '4', '바꿀 물건', '바꿀 물건 상세정보', '만나서 교환', '바꿀 물건 설명', '2022-12-15', 'N', '2022-12-15', '0', 'N');


--YeSS Market 사진 (10번글)
--썸네일
INSERT INTO MARKET_ATTACHMENT
(NO, MARKET_NO, ORIGIN_NAME, CHANGE_NAME, FILE_PATH, THUMB_YN)
VALUES(SEQ_MARKET_ATTACHMENT_NO.NEXTVAL, '10', '멜론.PNG', '멜론.PNG' ,'resources/upload/market', 'Y');
--사진
INSERT INTO MARKET_ATTACHMENT
(NO, MARKET_NO, ORIGIN_NAME, CHANGE_NAME, FILE_PATH, THUMB_YN)
VALUES(SEQ_MARKET_ATTACHMENT_NO.NEXTVAL, '10', '복숭아.PNG', '복숭아.PNG' ,'resources/upload/market', 'N');
INSERT INTO MARKET_ATTACHMENT
(NO, MARKET_NO, ORIGIN_NAME, CHANGE_NAME, FILE_PATH, THUMB_YN)
VALUES(SEQ_MARKET_ATTACHMENT_NO.NEXTVAL, '10', '수박.PNG', '수박.PNG' ,'resources/upload/market', 'N');

--YeSS Market 사진 (9번글)
--썸네일
INSERT INTO MARKET_ATTACHMENT
(NO, MARKET_NO, ORIGIN_NAME, CHANGE_NAME, FILE_PATH, THUMB_YN)
VALUES(SEQ_MARKET_ATTACHMENT_NO.NEXTVAL, '9', '복숭아.PNG', '복숭아.PNG' ,'resources/upload/market', 'Y');
--사진
INSERT INTO MARKET_ATTACHMENT
(NO, MARKET_NO, ORIGIN_NAME, CHANGE_NAME, FILE_PATH, THUMB_YN)
VALUES(SEQ_MARKET_ATTACHMENT_NO.NEXTVAL, '9', '수박.PNG', '수박.PNG' ,'resources/upload/market', 'N');
INSERT INTO MARKET_ATTACHMENT
(NO, MARKET_NO, ORIGIN_NAME, CHANGE_NAME, FILE_PATH, THUMB_YN)
VALUES(SEQ_MARKET_ATTACHMENT_NO.NEXTVAL, '9', '자두.PNG', '자두.PNG' ,'resources/upload/market', 'N');

--YeSS Market 사진 (8번글)
--썸네일
INSERT INTO MARKET_ATTACHMENT
(NO, MARKET_NO, ORIGIN_NAME, CHANGE_NAME, FILE_PATH, THUMB_YN)
VALUES(SEQ_MARKET_ATTACHMENT_NO.NEXTVAL, '8', '수박.PNG', '수박.PNG' ,'resources/upload/market', 'Y');
--사진
INSERT INTO MARKET_ATTACHMENT
(NO, MARKET_NO, ORIGIN_NAME, CHANGE_NAME, FILE_PATH, THUMB_YN)
VALUES(SEQ_MARKET_ATTACHMENT_NO.NEXTVAL, '8', '자두.PNG', '자두.PNG' ,'resources/upload/market', 'N');

--YeSS Market 사진 (7번글)
--썸네일
INSERT INTO MARKET_ATTACHMENT
(NO, MARKET_NO, ORIGIN_NAME, CHANGE_NAME, FILE_PATH, THUMB_YN)
VALUES(SEQ_MARKET_ATTACHMENT_NO.NEXTVAL, '7', '자두.PNG', '자두.PNG' ,'resources/upload/market', 'Y');
--사진
INSERT INTO MARKET_ATTACHMENT
(NO, MARKET_NO, ORIGIN_NAME, CHANGE_NAME, FILE_PATH, THUMB_YN)
VALUES(SEQ_MARKET_ATTACHMENT_NO.NEXTVAL, '7', '토마토.PNG', '토마토.PNG' ,'resources/upload/market', 'N');

--YeSS Market 사진 (6번글)
--썸네일
INSERT INTO MARKET_ATTACHMENT
(NO, MARKET_NO, ORIGIN_NAME, CHANGE_NAME, FILE_PATH, THUMB_YN)
VALUES(SEQ_MARKET_ATTACHMENT_NO.NEXTVAL, '6', '토마토.PNG', '토마토.PNG' ,'resources/upload/market', 'Y');
--사진
INSERT INTO MARKET_ATTACHMENT
(NO, MARKET_NO, ORIGIN_NAME, CHANGE_NAME, FILE_PATH, THUMB_YN)
VALUES(SEQ_MARKET_ATTACHMENT_NO.NEXTVAL, '6', '포도.PNG', '포도.PNG' ,'resources/upload/market', 'N');
INSERT INTO MARKET_ATTACHMENT
(NO, MARKET_NO, ORIGIN_NAME, CHANGE_NAME, FILE_PATH, THUMB_YN)
VALUES(SEQ_MARKET_ATTACHMENT_NO.NEXTVAL, '6', '멜론.PNG', '멜론.PNG' ,'resources/upload/market', 'N');
INSERT INTO MARKET_ATTACHMENT
(NO, MARKET_NO, ORIGIN_NAME, CHANGE_NAME, FILE_PATH, THUMB_YN)
VALUES(SEQ_MARKET_ATTACHMENT_NO.NEXTVAL, '6', '복숭아.PNG', '복숭아.PNG' ,'resources/upload/market', 'N');
INSERT INTO MARKET_ATTACHMENT
(NO, MARKET_NO, ORIGIN_NAME, CHANGE_NAME, FILE_PATH, THUMB_YN)
VALUES(SEQ_MARKET_ATTACHMENT_NO.NEXTVAL, '6', '수박.PNG', '수박.PNG' ,'resources/upload/market', 'N');

--YeSS Market 사진 (5번글)
--썸네일
INSERT INTO MARKET_ATTACHMENT
(NO, MARKET_NO, ORIGIN_NAME, CHANGE_NAME, FILE_PATH, THUMB_YN)
VALUES(SEQ_MARKET_ATTACHMENT_NO.NEXTVAL, '5', '멜론.PNG', '멜론.PNG' ,'resources/upload/market', 'Y');

--YeSS Market 사진 (4번글)
--썸네일
INSERT INTO MARKET_ATTACHMENT
(NO, MARKET_NO, ORIGIN_NAME, CHANGE_NAME, FILE_PATH, THUMB_YN)
VALUES(SEQ_MARKET_ATTACHMENT_NO.NEXTVAL, '4', '복숭아.PNG', '복숭아.PNG' ,'resources/upload/market', 'Y');

--YeSS Market 사진 (3번글)
--썸네일
INSERT INTO MARKET_ATTACHMENT
(NO, MARKET_NO, ORIGIN_NAME, CHANGE_NAME, FILE_PATH, THUMB_YN)
VALUES(SEQ_MARKET_ATTACHMENT_NO.NEXTVAL, '3', '토마토.PNG', '토마토.PNG' ,'resources/upload/market', 'Y');

--YeSS Market 사진 (2번글)
--썸네일
INSERT INTO MARKET_ATTACHMENT
(NO, MARKET_NO, ORIGIN_NAME, CHANGE_NAME, FILE_PATH, THUMB_YN)
VALUES(SEQ_MARKET_ATTACHMENT_NO.NEXTVAL, '2', '자두.PNG', '자두.PNG' ,'resources/upload/market', 'Y');

--YeSS Market 사진 (1번글)
--썸네일
INSERT INTO MARKET_ATTACHMENT
(NO, MARKET_NO, ORIGIN_NAME, CHANGE_NAME, FILE_PATH, THUMB_YN)
VALUES(SEQ_MARKET_ATTACHMENT_NO.NEXTVAL, '1', '포도.PNG', '포도.PNG' ,'resources/upload/market', 'Y');

---------------------------
--NEWS TYPE
---------------------------
INSERT INTO NEWS_TYPE VALUES(1,'RECYCLE NEWS');
INSERT INTO NEWS_TYPE VALUES(2,'RECYCLE AREA');
INSERT INTO NEWS_TYPE VALUES(3,'UPDATE NOTICE');
---------------------------
--NEWS
---------------------------
INSERT INTO NEWS ( NO , ADMIN_NO , NEWS_TYPE_NO , TITLE , CONTENT ) VALUES ( SEQ_NEWS_NO.NEXTVAL ,1 ,1 ,'THIS IS TITLE' ,'THIS IS CONTENT' );
INSERT INTO NEWS ( NO , ADMIN_NO , NEWS_TYPE_NO , TITLE , CONTENT ) VALUES ( SEQ_NEWS_NO.NEXTVAL ,1 ,1 ,'제목' ,'내용' );
INSERT INTO NEWS ( NO , ADMIN_NO , NEWS_TYPE_NO , TITLE , CONTENT ) VALUES ( SEQ_NEWS_NO.NEXTVAL ,1 ,1 ,'THIS IS TITLE' ,'THIS IS CONTENT' );
INSERT INTO NEWS ( NO , ADMIN_NO , NEWS_TYPE_NO , TITLE , CONTENT ) VALUES ( SEQ_NEWS_NO.NEXTVAL ,1 ,1 ,'제목2' ,'내용2' );
INSERT INTO NEWS ( NO , ADMIN_NO , NEWS_TYPE_NO , TITLE , CONTENT ) VALUES ( SEQ_NEWS_NO.NEXTVAL ,1 ,1 ,'THIS IS TITLE' ,'THIS IS CONTENT' );
INSERT INTO NEWS ( NO , ADMIN_NO , NEWS_TYPE_NO , TITLE , CONTENT ) VALUES ( SEQ_NEWS_NO.NEXTVAL ,1 ,1 ,'제목3' ,'내용3' );
INSERT INTO NEWS ( NO , ADMIN_NO , NEWS_TYPE_NO , TITLE , CONTENT ) VALUES ( SEQ_NEWS_NO.NEXTVAL ,1 ,1 ,'THIS IS TITLE' ,'THIS IS CONTENT' );
INSERT INTO NEWS ( NO , ADMIN_NO , NEWS_TYPE_NO , TITLE , CONTENT ) VALUES ( SEQ_NEWS_NO.NEXTVAL ,1 ,1 ,'제목4' ,'내용4' );
INSERT INTO NEWS ( NO , ADMIN_NO , NEWS_TYPE_NO , TITLE , CONTENT ) VALUES ( SEQ_NEWS_NO.NEXTVAL ,1 ,1 ,'THIS IS TITLE' ,'THIS IS CONTENT' );
INSERT INTO NEWS ( NO , ADMIN_NO , NEWS_TYPE_NO , TITLE , CONTENT ) VALUES ( SEQ_NEWS_NO.NEXTVAL ,1 ,1 ,'제목5' ,'내용5' );

INSERT INTO NEWS ( NO , ADMIN_NO , NEWS_TYPE_NO , TITLE , CONTENT ) VALUES ( SEQ_NEWS_NO.NEXTVAL ,1 ,1 ,'THIS IS TITLE' ,'THIS IS CONTENT' );
INSERT INTO NEWS ( NO , ADMIN_NO , NEWS_TYPE_NO , TITLE , CONTENT ) VALUES ( SEQ_NEWS_NO.NEXTVAL ,1 ,1 ,'제목' ,'내용' );
INSERT INTO NEWS ( NO , ADMIN_NO , NEWS_TYPE_NO , TITLE , CONTENT ) VALUES ( SEQ_NEWS_NO.NEXTVAL ,1 ,1 ,'THIS IS TITLE' ,'THIS IS CONTENT' );
INSERT INTO NEWS ( NO , ADMIN_NO , NEWS_TYPE_NO , TITLE , CONTENT ) VALUES ( SEQ_NEWS_NO.NEXTVAL ,1 ,1 ,'제목2' ,'내용2' );
INSERT INTO NEWS ( NO , ADMIN_NO , NEWS_TYPE_NO , TITLE , CONTENT ) VALUES ( SEQ_NEWS_NO.NEXTVAL ,1 ,1 ,'THIS IS TITLE' ,'THIS IS CONTENT' );
INSERT INTO NEWS ( NO , ADMIN_NO , NEWS_TYPE_NO , TITLE , CONTENT ) VALUES ( SEQ_NEWS_NO.NEXTVAL ,1 ,1 ,'제목3' ,'내용3' );
INSERT INTO NEWS ( NO , ADMIN_NO , NEWS_TYPE_NO , TITLE , CONTENT ) VALUES ( SEQ_NEWS_NO.NEXTVAL ,1 ,1 ,'THIS IS TITLE' ,'THIS IS CONTENT' );
INSERT INTO NEWS ( NO , ADMIN_NO , NEWS_TYPE_NO , TITLE , CONTENT ) VALUES ( SEQ_NEWS_NO.NEXTVAL ,1 ,1 ,'제목4' ,'내용4' );
INSERT INTO NEWS ( NO , ADMIN_NO , NEWS_TYPE_NO , TITLE , CONTENT ) VALUES ( SEQ_NEWS_NO.NEXTVAL ,1 ,1 ,'THIS IS TITLE' ,'THIS IS CONTENT' );
INSERT INTO NEWS ( NO , ADMIN_NO , NEWS_TYPE_NO , TITLE , CONTENT ) VALUES ( SEQ_NEWS_NO.NEXTVAL ,1 ,1 ,'제목5' ,'내용5' );

INSERT INTO NEWS ( NO , ADMIN_NO , NEWS_TYPE_NO , TITLE , CONTENT ) VALUES ( SEQ_NEWS_NO.NEXTVAL ,1 ,1 ,'THIS IS TITLE' ,'THIS IS CONTENT' );
INSERT INTO NEWS ( NO , ADMIN_NO , NEWS_TYPE_NO , TITLE , CONTENT ) VALUES ( SEQ_NEWS_NO.NEXTVAL ,1 ,1 ,'제목' ,'내용' );
INSERT INTO NEWS ( NO , ADMIN_NO , NEWS_TYPE_NO , TITLE , CONTENT ) VALUES ( SEQ_NEWS_NO.NEXTVAL ,1 ,1 ,'THIS IS TITLE' ,'THIS IS CONTENT' );
INSERT INTO NEWS ( NO , ADMIN_NO , NEWS_TYPE_NO , TITLE , CONTENT ) VALUES ( SEQ_NEWS_NO.NEXTVAL ,1 ,1 ,'제목2' ,'내용2' );
INSERT INTO NEWS ( NO , ADMIN_NO , NEWS_TYPE_NO , TITLE , CONTENT ) VALUES ( SEQ_NEWS_NO.NEXTVAL ,1 ,1 ,'THIS IS TITLE' ,'THIS IS CONTENT' );
INSERT INTO NEWS ( NO , ADMIN_NO , NEWS_TYPE_NO , TITLE , CONTENT ) VALUES ( SEQ_NEWS_NO.NEXTVAL ,1 ,1 ,'제목3' ,'내용3' );
INSERT INTO NEWS ( NO , ADMIN_NO , NEWS_TYPE_NO , TITLE , CONTENT ) VALUES ( SEQ_NEWS_NO.NEXTVAL ,1 ,1 ,'THIS IS TITLE' ,'THIS IS CONTENT' );
INSERT INTO NEWS ( NO , ADMIN_NO , NEWS_TYPE_NO , TITLE , CONTENT ) VALUES ( SEQ_NEWS_NO.NEXTVAL ,1 ,1 ,'제목4' ,'내용4' );
INSERT INTO NEWS ( NO , ADMIN_NO , NEWS_TYPE_NO , TITLE , CONTENT ) VALUES ( SEQ_NEWS_NO.NEXTVAL ,1 ,1 ,'THIS IS TITLE' ,'THIS IS CONTENT' );
INSERT INTO NEWS ( NO , ADMIN_NO , NEWS_TYPE_NO , TITLE , CONTENT ) VALUES ( SEQ_NEWS_NO.NEXTVAL ,1 ,1 ,'제목5' ,'내용5' );

INSERT INTO NEWS ( NO , ADMIN_NO , NEWS_TYPE_NO , TITLE , CONTENT ) VALUES ( SEQ_NEWS_NO.NEXTVAL ,1 ,1 ,'THIS IS TITLE' ,'THIS IS CONTENT' );
INSERT INTO NEWS ( NO , ADMIN_NO , NEWS_TYPE_NO , TITLE , CONTENT ) VALUES ( SEQ_NEWS_NO.NEXTVAL ,1 ,1 ,'제목' ,'내용' );
INSERT INTO NEWS ( NO , ADMIN_NO , NEWS_TYPE_NO , TITLE , CONTENT ) VALUES ( SEQ_NEWS_NO.NEXTVAL ,1 ,1 ,'THIS IS TITLE' ,'THIS IS CONTENT' );
INSERT INTO NEWS ( NO , ADMIN_NO , NEWS_TYPE_NO , TITLE , CONTENT ) VALUES ( SEQ_NEWS_NO.NEXTVAL ,1 ,1 ,'제목2' ,'내용2' );
INSERT INTO NEWS ( NO , ADMIN_NO , NEWS_TYPE_NO , TITLE , CONTENT ) VALUES ( SEQ_NEWS_NO.NEXTVAL ,1 ,1 ,'THIS IS TITLE' ,'THIS IS CONTENT' );
INSERT INTO NEWS ( NO , ADMIN_NO , NEWS_TYPE_NO , TITLE , CONTENT ) VALUES ( SEQ_NEWS_NO.NEXTVAL ,1 ,1 ,'제목3' ,'내용3' );
INSERT INTO NEWS ( NO , ADMIN_NO , NEWS_TYPE_NO , TITLE , CONTENT ) VALUES ( SEQ_NEWS_NO.NEXTVAL ,1 ,1 ,'THIS IS TITLE' ,'THIS IS CONTENT' );
INSERT INTO NEWS ( NO , ADMIN_NO , NEWS_TYPE_NO , TITLE , CONTENT ) VALUES ( SEQ_NEWS_NO.NEXTVAL ,1 ,1 ,'제목4' ,'내용4' );
INSERT INTO NEWS ( NO , ADMIN_NO , NEWS_TYPE_NO , TITLE , CONTENT ) VALUES ( SEQ_NEWS_NO.NEXTVAL ,1 ,1 ,'THIS IS TITLE' ,'THIS IS CONTENT' );
INSERT INTO NEWS ( NO , ADMIN_NO , NEWS_TYPE_NO , TITLE , CONTENT ) VALUES ( SEQ_NEWS_NO.NEXTVAL ,1 ,1 ,'제목5' ,'내용5' );

INSERT INTO NEWS ( NO , ADMIN_NO , NEWS_TYPE_NO , TITLE , CONTENT ) VALUES ( SEQ_NEWS_NO.NEXTVAL ,1 ,1 ,'THIS IS TITLE' ,'THIS IS CONTENT' );
INSERT INTO NEWS ( NO , ADMIN_NO , NEWS_TYPE_NO , TITLE , CONTENT ) VALUES ( SEQ_NEWS_NO.NEXTVAL ,1 ,1 ,'제목' ,'내용' );
INSERT INTO NEWS ( NO , ADMIN_NO , NEWS_TYPE_NO , TITLE , CONTENT ) VALUES ( SEQ_NEWS_NO.NEXTVAL ,1 ,1 ,'THIS IS TITLE' ,'THIS IS CONTENT' );
INSERT INTO NEWS ( NO , ADMIN_NO , NEWS_TYPE_NO , TITLE , CONTENT ) VALUES ( SEQ_NEWS_NO.NEXTVAL ,1 ,1 ,'제목2' ,'내용2' );
INSERT INTO NEWS ( NO , ADMIN_NO , NEWS_TYPE_NO , TITLE , CONTENT ) VALUES ( SEQ_NEWS_NO.NEXTVAL ,1 ,1 ,'THIS IS TITLE' ,'THIS IS CONTENT' );
INSERT INTO NEWS ( NO , ADMIN_NO , NEWS_TYPE_NO , TITLE , CONTENT ) VALUES ( SEQ_NEWS_NO.NEXTVAL ,1 ,1 ,'제목3' ,'내용3' );
INSERT INTO NEWS ( NO , ADMIN_NO , NEWS_TYPE_NO , TITLE , CONTENT ) VALUES ( SEQ_NEWS_NO.NEXTVAL ,1 ,1 ,'THIS IS TITLE' ,'THIS IS CONTENT' );
INSERT INTO NEWS ( NO , ADMIN_NO , NEWS_TYPE_NO , TITLE , CONTENT ) VALUES ( SEQ_NEWS_NO.NEXTVAL ,1 ,1 ,'제목4' ,'내용4' );
INSERT INTO NEWS ( NO , ADMIN_NO , NEWS_TYPE_NO , TITLE , CONTENT ) VALUES ( SEQ_NEWS_NO.NEXTVAL ,1 ,1 ,'THIS IS TITLE' ,'THIS IS CONTENT' );
INSERT INTO NEWS ( NO , ADMIN_NO , NEWS_TYPE_NO , TITLE , CONTENT ) VALUES ( SEQ_NEWS_NO.NEXTVAL ,1 ,1 ,'제목5' ,'내용5' );

INSERT INTO NEWS ( NO , ADMIN_NO , NEWS_TYPE_NO , TITLE , CONTENT ) VALUES ( SEQ_NEWS_NO.NEXTVAL ,1 ,1 ,'THIS IS TITLE' ,'THIS IS CONTENT' );
INSERT INTO NEWS ( NO , ADMIN_NO , NEWS_TYPE_NO , TITLE , CONTENT ) VALUES ( SEQ_NEWS_NO.NEXTVAL ,1 ,1 ,'제목' ,'내용' );
INSERT INTO NEWS ( NO , ADMIN_NO , NEWS_TYPE_NO , TITLE , CONTENT ) VALUES ( SEQ_NEWS_NO.NEXTVAL ,1 ,1 ,'THIS IS TITLE' ,'THIS IS CONTENT' );
INSERT INTO NEWS ( NO , ADMIN_NO , NEWS_TYPE_NO , TITLE , CONTENT ) VALUES ( SEQ_NEWS_NO.NEXTVAL ,1 ,1 ,'제목2' ,'내용2' );
INSERT INTO NEWS ( NO , ADMIN_NO , NEWS_TYPE_NO , TITLE , CONTENT ) VALUES ( SEQ_NEWS_NO.NEXTVAL ,1 ,1 ,'THIS IS TITLE' ,'THIS IS CONTENT' );
INSERT INTO NEWS ( NO , ADMIN_NO , NEWS_TYPE_NO , TITLE , CONTENT ) VALUES ( SEQ_NEWS_NO.NEXTVAL ,1 ,1 ,'제목3' ,'내용3' );
INSERT INTO NEWS ( NO , ADMIN_NO , NEWS_TYPE_NO , TITLE , CONTENT ) VALUES ( SEQ_NEWS_NO.NEXTVAL ,1 ,1 ,'THIS IS TITLE' ,'THIS IS CONTENT' );
INSERT INTO NEWS ( NO , ADMIN_NO , NEWS_TYPE_NO , TITLE , CONTENT ) VALUES ( SEQ_NEWS_NO.NEXTVAL ,1 ,1 ,'제목4' ,'내용4' );
INSERT INTO NEWS ( NO , ADMIN_NO , NEWS_TYPE_NO , TITLE , CONTENT ) VALUES ( SEQ_NEWS_NO.NEXTVAL ,1 ,1 ,'THIS IS TITLE' ,'THIS IS CONTENT' );
INSERT INTO NEWS ( NO , ADMIN_NO , NEWS_TYPE_NO , TITLE , CONTENT ) VALUES ( SEQ_NEWS_NO.NEXTVAL ,1 ,1 ,'제목5' ,'내용5' );

INSERT INTO NEWS ( NO , ADMIN_NO , NEWS_TYPE_NO , TITLE , CONTENT ) VALUES ( SEQ_NEWS_NO.NEXTVAL ,1 ,1 ,'THIS IS TITLE' ,'THIS IS CONTENT' );
INSERT INTO NEWS ( NO , ADMIN_NO , NEWS_TYPE_NO , TITLE , CONTENT ) VALUES ( SEQ_NEWS_NO.NEXTVAL ,1 ,1 ,'제목' ,'내용' );
INSERT INTO NEWS ( NO , ADMIN_NO , NEWS_TYPE_NO , TITLE , CONTENT ) VALUES ( SEQ_NEWS_NO.NEXTVAL ,1 ,1 ,'THIS IS TITLE' ,'THIS IS CONTENT' );
INSERT INTO NEWS ( NO , ADMIN_NO , NEWS_TYPE_NO , TITLE , CONTENT ) VALUES ( SEQ_NEWS_NO.NEXTVAL ,1 ,1 ,'제목2' ,'내용2' );
INSERT INTO NEWS ( NO , ADMIN_NO , NEWS_TYPE_NO , TITLE , CONTENT ) VALUES ( SEQ_NEWS_NO.NEXTVAL ,1 ,1 ,'THIS IS TITLE' ,'THIS IS CONTENT' );
INSERT INTO NEWS ( NO , ADMIN_NO , NEWS_TYPE_NO , TITLE , CONTENT ) VALUES ( SEQ_NEWS_NO.NEXTVAL ,1 ,1 ,'제목3' ,'내용3' );
INSERT INTO NEWS ( NO , ADMIN_NO , NEWS_TYPE_NO , TITLE , CONTENT ) VALUES ( SEQ_NEWS_NO.NEXTVAL ,1 ,1 ,'THIS IS TITLE' ,'THIS IS CONTENT' );
INSERT INTO NEWS ( NO , ADMIN_NO , NEWS_TYPE_NO , TITLE , CONTENT ) VALUES ( SEQ_NEWS_NO.NEXTVAL ,1 ,1 ,'제목4' ,'내용4' );
INSERT INTO NEWS ( NO , ADMIN_NO , NEWS_TYPE_NO , TITLE , CONTENT ) VALUES ( SEQ_NEWS_NO.NEXTVAL ,1 ,1 ,'THIS IS TITLE' ,'THIS IS CONTENT' );
INSERT INTO NEWS ( NO , ADMIN_NO , NEWS_TYPE_NO , TITLE , CONTENT ) VALUES ( SEQ_NEWS_NO.NEXTVAL ,1 ,1 ,'제목5' ,'내용5' );

INSERT INTO NEWS ( NO , ADMIN_NO , NEWS_TYPE_NO , TITLE , CONTENT ) VALUES ( SEQ_NEWS_NO.NEXTVAL ,1 ,1 ,'THIS IS TITLE' ,'THIS IS CONTENT' );
INSERT INTO NEWS ( NO , ADMIN_NO , NEWS_TYPE_NO , TITLE , CONTENT ) VALUES ( SEQ_NEWS_NO.NEXTVAL ,1 ,1 ,'제목' ,'내용' );
INSERT INTO NEWS ( NO , ADMIN_NO , NEWS_TYPE_NO , TITLE , CONTENT ) VALUES ( SEQ_NEWS_NO.NEXTVAL ,1 ,1 ,'THIS IS TITLE' ,'THIS IS CONTENT' );
INSERT INTO NEWS ( NO , ADMIN_NO , NEWS_TYPE_NO , TITLE , CONTENT ) VALUES ( SEQ_NEWS_NO.NEXTVAL ,1 ,1 ,'제목2' ,'내용2' );
INSERT INTO NEWS ( NO , ADMIN_NO , NEWS_TYPE_NO , TITLE , CONTENT ) VALUES ( SEQ_NEWS_NO.NEXTVAL ,1 ,1 ,'THIS IS TITLE' ,'THIS IS CONTENT' );
INSERT INTO NEWS ( NO , ADMIN_NO , NEWS_TYPE_NO , TITLE , CONTENT ) VALUES ( SEQ_NEWS_NO.NEXTVAL ,1 ,1 ,'제목3' ,'내용3' );
INSERT INTO NEWS ( NO , ADMIN_NO , NEWS_TYPE_NO , TITLE , CONTENT ) VALUES ( SEQ_NEWS_NO.NEXTVAL ,1 ,1 ,'THIS IS TITLE' ,'THIS IS CONTENT' );
INSERT INTO NEWS ( NO , ADMIN_NO , NEWS_TYPE_NO , TITLE , CONTENT ) VALUES ( SEQ_NEWS_NO.NEXTVAL ,1 ,1 ,'제목4' ,'내용4' );
INSERT INTO NEWS ( NO , ADMIN_NO , NEWS_TYPE_NO , TITLE , CONTENT ) VALUES ( SEQ_NEWS_NO.NEXTVAL ,1 ,1 ,'THIS IS TITLE' ,'THIS IS CONTENT' );
INSERT INTO NEWS ( NO , ADMIN_NO , NEWS_TYPE_NO , TITLE , CONTENT ) VALUES ( SEQ_NEWS_NO.NEXTVAL ,1 ,1 ,'제목5' ,'내용5' );

INSERT INTO NEWS ( NO , ADMIN_NO , NEWS_TYPE_NO , TITLE , CONTENT ) VALUES ( SEQ_NEWS_NO.NEXTVAL ,1 ,1 ,'THIS IS TITLE' ,'THIS IS CONTENT' );
INSERT INTO NEWS ( NO , ADMIN_NO , NEWS_TYPE_NO , TITLE , CONTENT ) VALUES ( SEQ_NEWS_NO.NEXTVAL ,1 ,1 ,'제목' ,'내용' );
INSERT INTO NEWS ( NO , ADMIN_NO , NEWS_TYPE_NO , TITLE , CONTENT ) VALUES ( SEQ_NEWS_NO.NEXTVAL ,1 ,1 ,'THIS IS TITLE' ,'THIS IS CONTENT' );
INSERT INTO NEWS ( NO , ADMIN_NO , NEWS_TYPE_NO , TITLE , CONTENT ) VALUES ( SEQ_NEWS_NO.NEXTVAL ,1 ,1 ,'제목2' ,'내용2' );
INSERT INTO NEWS ( NO , ADMIN_NO , NEWS_TYPE_NO , TITLE , CONTENT ) VALUES ( SEQ_NEWS_NO.NEXTVAL ,1 ,1 ,'THIS IS TITLE' ,'THIS IS CONTENT' );
INSERT INTO NEWS ( NO , ADMIN_NO , NEWS_TYPE_NO , TITLE , CONTENT ) VALUES ( SEQ_NEWS_NO.NEXTVAL ,1 ,1 ,'제목3' ,'내용3' );
INSERT INTO NEWS ( NO , ADMIN_NO , NEWS_TYPE_NO , TITLE , CONTENT ) VALUES ( SEQ_NEWS_NO.NEXTVAL ,1 ,1 ,'THIS IS TITLE' ,'THIS IS CONTENT' );
INSERT INTO NEWS ( NO , ADMIN_NO , NEWS_TYPE_NO , TITLE , CONTENT ) VALUES ( SEQ_NEWS_NO.NEXTVAL ,1 ,1 ,'제목4' ,'내용4' );
INSERT INTO NEWS ( NO , ADMIN_NO , NEWS_TYPE_NO , TITLE , CONTENT ) VALUES ( SEQ_NEWS_NO.NEXTVAL ,1 ,1 ,'THIS IS TITLE' ,'THIS IS CONTENT' );
INSERT INTO NEWS ( NO , ADMIN_NO , NEWS_TYPE_NO , TITLE , CONTENT ) VALUES ( SEQ_NEWS_NO.NEXTVAL ,1 ,1 ,'제목5' ,'내용5' );

INSERT INTO NEWS ( NO , ADMIN_NO , NEWS_TYPE_NO , TITLE , CONTENT ) VALUES ( SEQ_NEWS_NO.NEXTVAL ,1 ,1 ,'THIS IS TITLE' ,'THIS IS CONTENT' );
INSERT INTO NEWS ( NO , ADMIN_NO , NEWS_TYPE_NO , TITLE , CONTENT ) VALUES ( SEQ_NEWS_NO.NEXTVAL ,1 ,1 ,'제목' ,'내용' );
INSERT INTO NEWS ( NO , ADMIN_NO , NEWS_TYPE_NO , TITLE , CONTENT ) VALUES ( SEQ_NEWS_NO.NEXTVAL ,1 ,1 ,'THIS IS TITLE' ,'THIS IS CONTENT' );
INSERT INTO NEWS ( NO , ADMIN_NO , NEWS_TYPE_NO , TITLE , CONTENT ) VALUES ( SEQ_NEWS_NO.NEXTVAL ,1 ,1 ,'제목2' ,'내용2' );
INSERT INTO NEWS ( NO , ADMIN_NO , NEWS_TYPE_NO , TITLE , CONTENT ) VALUES ( SEQ_NEWS_NO.NEXTVAL ,1 ,1 ,'THIS IS TITLE' ,'THIS IS CONTENT' );
INSERT INTO NEWS ( NO , ADMIN_NO , NEWS_TYPE_NO , TITLE , CONTENT ) VALUES ( SEQ_NEWS_NO.NEXTVAL ,1 ,1 ,'제목3' ,'내용3' );
INSERT INTO NEWS ( NO , ADMIN_NO , NEWS_TYPE_NO , TITLE , CONTENT ) VALUES ( SEQ_NEWS_NO.NEXTVAL ,1 ,1 ,'THIS IS TITLE' ,'THIS IS CONTENT' );
INSERT INTO NEWS ( NO , ADMIN_NO , NEWS_TYPE_NO , TITLE , CONTENT ) VALUES ( SEQ_NEWS_NO.NEXTVAL ,1 ,1 ,'제목4' ,'내용4' );
INSERT INTO NEWS ( NO , ADMIN_NO , NEWS_TYPE_NO , TITLE , CONTENT ) VALUES ( SEQ_NEWS_NO.NEXTVAL ,1 ,1 ,'THIS IS TITLE' ,'THIS IS CONTENT' );
INSERT INTO NEWS ( NO , ADMIN_NO , NEWS_TYPE_NO , TITLE , CONTENT ) VALUES ( SEQ_NEWS_NO.NEXTVAL ,1 ,1 ,'제목5' ,'내용5' );

INSERT INTO NEWS ( NO , ADMIN_NO , NEWS_TYPE_NO , TITLE , CONTENT ) VALUES ( SEQ_NEWS_NO.NEXTVAL ,1 ,1 ,'THIS IS TITLE' ,'THIS IS CONTENT' );
INSERT INTO NEWS ( NO , ADMIN_NO , NEWS_TYPE_NO , TITLE , CONTENT ) VALUES ( SEQ_NEWS_NO.NEXTVAL ,1 ,1 ,'제목' ,'내용' );
INSERT INTO NEWS ( NO , ADMIN_NO , NEWS_TYPE_NO , TITLE , CONTENT ) VALUES ( SEQ_NEWS_NO.NEXTVAL ,1 ,1 ,'THIS IS TITLE' ,'THIS IS CONTENT' );
INSERT INTO NEWS ( NO , ADMIN_NO , NEWS_TYPE_NO , TITLE , CONTENT ) VALUES ( SEQ_NEWS_NO.NEXTVAL ,1 ,1 ,'제목2' ,'내용2' );
INSERT INTO NEWS ( NO , ADMIN_NO , NEWS_TYPE_NO , TITLE , CONTENT ) VALUES ( SEQ_NEWS_NO.NEXTVAL ,1 ,1 ,'THIS IS TITLE' ,'THIS IS CONTENT' );
INSERT INTO NEWS ( NO , ADMIN_NO , NEWS_TYPE_NO , TITLE , CONTENT ) VALUES ( SEQ_NEWS_NO.NEXTVAL ,1 ,1 ,'제목3' ,'내용3' );
INSERT INTO NEWS ( NO , ADMIN_NO , NEWS_TYPE_NO , TITLE , CONTENT ) VALUES ( SEQ_NEWS_NO.NEXTVAL ,1 ,1 ,'THIS IS TITLE' ,'THIS IS CONTENT' );
INSERT INTO NEWS ( NO , ADMIN_NO , NEWS_TYPE_NO , TITLE , CONTENT ) VALUES ( SEQ_NEWS_NO.NEXTVAL ,1 ,1 ,'제목4' ,'내용4' );
INSERT INTO NEWS ( NO , ADMIN_NO , NEWS_TYPE_NO , TITLE , CONTENT ) VALUES ( SEQ_NEWS_NO.NEXTVAL ,1 ,1 ,'THIS IS TITLE' ,'THIS IS CONTENT' );
INSERT INTO NEWS ( NO , ADMIN_NO , NEWS_TYPE_NO , TITLE , CONTENT ) VALUES ( SEQ_NEWS_NO.NEXTVAL ,1 ,1 ,'제목5' ,'내용5' );


INSERT INTO NEWS ( NO , ADMIN_NO , NEWS_TYPE_NO , TITLE , CONTENT ) VALUES ( SEQ_NEWS_NO.NEXTVAL ,1 ,2 ,'THIS IS TITLE' ,'THIS IS CONTENT' );
INSERT INTO NEWS ( NO , ADMIN_NO , NEWS_TYPE_NO , TITLE , CONTENT ) VALUES ( SEQ_NEWS_NO.NEXTVAL ,1 ,2 ,'제목' ,'내용' );
INSERT INTO NEWS ( NO , ADMIN_NO , NEWS_TYPE_NO , TITLE , CONTENT ) VALUES ( SEQ_NEWS_NO.NEXTVAL ,1 ,2 ,'THIS IS TITLE' ,'THIS IS CONTENT' );
INSERT INTO NEWS ( NO , ADMIN_NO , NEWS_TYPE_NO , TITLE , CONTENT ) VALUES ( SEQ_NEWS_NO.NEXTVAL ,1 ,2 ,'제목2' ,'내용2' );
INSERT INTO NEWS ( NO , ADMIN_NO , NEWS_TYPE_NO , TITLE , CONTENT ) VALUES ( SEQ_NEWS_NO.NEXTVAL ,1 ,2 ,'THIS IS TITLE' ,'THIS IS CONTENT' );
INSERT INTO NEWS ( NO , ADMIN_NO , NEWS_TYPE_NO , TITLE , CONTENT ) VALUES ( SEQ_NEWS_NO.NEXTVAL ,1 ,2 ,'제목3' ,'내용3' );
INSERT INTO NEWS ( NO , ADMIN_NO , NEWS_TYPE_NO , TITLE , CONTENT ) VALUES ( SEQ_NEWS_NO.NEXTVAL ,1 ,2 ,'THIS IS TITLE' ,'THIS IS CONTENT' );
INSERT INTO NEWS ( NO , ADMIN_NO , NEWS_TYPE_NO , TITLE , CONTENT ) VALUES ( SEQ_NEWS_NO.NEXTVAL ,1 ,2 ,'제목4' ,'내용4' );
INSERT INTO NEWS ( NO , ADMIN_NO , NEWS_TYPE_NO , TITLE , CONTENT ) VALUES ( SEQ_NEWS_NO.NEXTVAL ,1 ,2 ,'THIS IS TITLE' ,'THIS IS CONTENT' );
INSERT INTO NEWS ( NO , ADMIN_NO , NEWS_TYPE_NO , TITLE , CONTENT ) VALUES ( SEQ_NEWS_NO.NEXTVAL ,1 ,2 ,'제목5' ,'내용5' );


INSERT INTO NEWS ( NO , ADMIN_NO , NEWS_TYPE_NO , TITLE , CONTENT ) VALUES ( SEQ_NEWS_NO.NEXTVAL ,1 ,3 ,'THIS IS TITLE' ,'THIS IS CONTENT' );
INSERT INTO NEWS ( NO , ADMIN_NO , NEWS_TYPE_NO , TITLE , CONTENT ) VALUES ( SEQ_NEWS_NO.NEXTVAL ,1 ,3 ,'제목' ,'내용' );
INSERT INTO NEWS ( NO , ADMIN_NO , NEWS_TYPE_NO , TITLE , CONTENT ) VALUES ( SEQ_NEWS_NO.NEXTVAL ,1 ,3 ,'THIS IS TITLE' ,'THIS IS CONTENT' );
INSERT INTO NEWS ( NO , ADMIN_NO , NEWS_TYPE_NO , TITLE , CONTENT ) VALUES ( SEQ_NEWS_NO.NEXTVAL ,1 ,3 ,'제목2' ,'내용2' );
INSERT INTO NEWS ( NO , ADMIN_NO , NEWS_TYPE_NO , TITLE , CONTENT ) VALUES ( SEQ_NEWS_NO.NEXTVAL ,1 ,3 ,'THIS IS TITLE' ,'THIS IS CONTENT' );
INSERT INTO NEWS ( NO , ADMIN_NO , NEWS_TYPE_NO , TITLE , CONTENT ) VALUES ( SEQ_NEWS_NO.NEXTVAL ,1 ,3 ,'제목3' ,'내용3' );
INSERT INTO NEWS ( NO , ADMIN_NO , NEWS_TYPE_NO , TITLE , CONTENT ) VALUES ( SEQ_NEWS_NO.NEXTVAL ,1 ,3 ,'THIS IS TITLE' ,'THIS IS CONTENT' );
INSERT INTO NEWS ( NO , ADMIN_NO , NEWS_TYPE_NO , TITLE , CONTENT ) VALUES ( SEQ_NEWS_NO.NEXTVAL ,1 ,3 ,'제목4' ,'내용4' );
INSERT INTO NEWS ( NO , ADMIN_NO , NEWS_TYPE_NO , TITLE , CONTENT ) VALUES ( SEQ_NEWS_NO.NEXTVAL ,1 ,3 ,'THIS IS TITLE' ,'THIS IS CONTENT' );
INSERT INTO NEWS ( NO , ADMIN_NO , NEWS_TYPE_NO , TITLE , CONTENT ) VALUES ( SEQ_NEWS_NO.NEXTVAL ,1 ,3 ,'제목5' ,'내용5' );

--------------------------------------------
--카테고리 인서트문
--------------------------------------------
INSERT INTO YESSMALL_CATEGORY VALUES(1, '생활용품');
INSERT INTO YESSMALL_CATEGORY VALUES(2, '주방용품');
INSERT INTO YESSMALL_CATEGORY VALUES(3, '욕실용품');
INSERT INTO YESSMALL_CATEGORY VALUES(4, '일회용품');
INSERT INTO YESSMALL_CATEGORY VALUES(5, '패션잡화');

----------------------------------------------------------------
--예스몰 제품 더미데이터
----------------------------------------------------------------
--INSERT INTO YESSMALL_PROD VALUES(시퀀스,카테고리,제품명,제품소개,제품상세소개, 가격,재고수량);
INSERT INTO YESSMALL_PROD VALUES(SEQ_YESSMALL_PROD_NO.NEXTVAL,3,'친환경 양치세트','친환경 재료로 만든 양치세트','깨끗한 치아를 위한 친환경 양치세트.<br><br><br> 구성 : 대나무 칫솔 2개, 치약 1개<br><br> 1. 대나무 칫솔<br> 크기 : 18cm <br> 특징 : 플라스틱 칫솔의 대체품으로, 환경호르몬 및 유해물질로부터 안전한 친환경 칫솔입니다.<br><br> 2. 고체치약 : 30정<br><br> 3. 목제 혀클리너 <br><br> 4. 린넨 파우치<br>', 10000, 200);
INSERT INTO YESSMALL_PROD VALUES(SEQ_YESSMALL_PROD_NO.NEXTVAL,1,'리유저블 텀블러','무색의 깔끔한 텀블러','무색으로 깔끔한 느낌의 텀블러. <br><br>유행을 타지 않아 오래 쓸 수 있는 텀블러입니다. 일회용 컵 사용을 줄이기 위한 최선의 선택, 텀블러.', 13000,300);
INSERT INTO YESSMALL_PROD VALUES(SEQ_YESSMALL_PROD_NO.NEXTVAL,2,'대나무 칫솔','대나무로 만든 친환경 칫솔','대나무로 제작한 친환경 칫솔로, 사용 후 재활용까지 고려한 제품입니다.<br><br> 크기 : 18cm <br> 4개입<br>',7000 ,500);
INSERT INTO YESSMALL_PROD VALUES(SEQ_YESSMALL_PROD_NO.NEXTVAL,4,'어린이 양치컵세트','어린이 양치세트','어린이를 위한 친환경 양치세트.<br><br><br> 구성 : 대나무 칫솔 1개, 어린이용 양치컵 1개<br><br> 1. 어린이용 칫솔<br> 크기 : 15cm <br> 특징 : 플라스틱 칫솔의 대체품으로, 환경호르몬 및 유해물질로부터 안전한 친환경 칫솔입니다.<br><br> 2. 어린이용 양치컵<br> 어린이가 쓰기 좋은 미니 양치컵<br><br>', 12000, 300);
INSERT INTO YESSMALL_PROD VALUES(SEQ_YESSMALL_PROD_NO.NEXTVAL,5,'에코백','깔끔한 에코백','깔끔한 느낌의 베이지 컬러의 에코백. <br><br>유행을 타지 않아 오래 쓸 수 있는 패션 에코백입니다.', 13000,300);

--------------------------------------------------------------------------
--상품별 사진 더미데이터
--------------------------------------------------------------------------
--INSERT INTO YESSMALL_ATTACHMENT VALUES(시퀀스,제품번호,originName,changeName,파일경로, 등록일,썸네일여부, 상태);
INSERT INTO YESSMALL_ATTACHMENT VALUES(SEQ_YESSMALL_PROD_NO.NEXTVAL,1,'image 113.png','img719655460995000.gif','resources/upload/mall', SYSDATE,'Y', default);
INSERT INTO YESSMALL_ATTACHMENT VALUES(SEQ_YESSMALL_PROD_NO.NEXTVAL,1,'image 03.png','img707011753088300.gif','resources/upload/mall', SYSDATE,'N', default);
INSERT INTO YESSMALL_ATTACHMENT VALUES(SEQ_YESSMALL_PROD_NO.NEXTVAL,2,'image 13.png','img24517754667300.png','resources/upload/mall', SYSDATE,'Y', default);
INSERT INTO YESSMALL_ATTACHMENT VALUES(SEQ_YESSMALL_PROD_NO.NEXTVAL,3,'image 3.png','img24517760220800.png','resources/upload/mall', SYSDATE,'Y', default);
INSERT INTO YESSMALL_ATTACHMENT VALUES(SEQ_YESSMALL_PROD_NO.NEXTVAL,3,'image 11.png','img24517760220800.png','resources/upload/mall', SYSDATE,'N', default);
INSERT INTO YESSMALL_ATTACHMENT VALUES(SEQ_YESSMALL_PROD_NO.NEXTVAL,4,'image 1.png','img6644593635500.png','resources/upload/mall', SYSDATE,'Y', default);
INSERT INTO YESSMALL_ATTACHMENT VALUES(SEQ_YESSMALL_PROD_NO.NEXTVAL,4,'image 55.png','img6644596978000.png','resources/upload/mall', SYSDATE,'N', default);
INSERT INTO YESSMALL_ATTACHMENT VALUES(SEQ_YESSMALL_PROD_NO.NEXTVAL,5,'image 63.png','img25775141889000.jpg','resources/upload/mall', SYSDATE,'Y', default);
INSERT INTO YESSMALL_ATTACHMENT VALUES(SEQ_YESSMALL_PROD_NO.NEXTVAL,5,'image 78.png','img25775137340800.png','resources/upload/mall', SYSDATE,'N', default);
-------------------------------------------------------------------------------------------------
--리뷰 제품 더미데이터 (제품당 기본 5개 이상, 인기제품은 50개 이상)
--------------------------------------------------------------------------------------------------
--INSERT INTO YESSMALL_REVIEW VALUES(시퀀스,회원번호,제품번호,내용, 등록일,수정일, 삭제여부);


COMMIT;