--------------------------------------------------------------------------
--DROP TABLE--------------------------------------------------------------
--------------------------------------------------------------------------
DROP TABLE "MEMBER" CASCADE CONSTRAINTS;
DROP TABLE "REPORT" CASCADE CONSTRAINTS;
DROP TABLE "NEWS" CASCADE CONSTRAINTS;
DROP TABLE "REPORT_TYPE" CASCADE CONSTRAINTS;
DROP TABLE "QNA" CASCADE CONSTRAINTS;
DROP TABLE "RECYCLE" CASCADE CONSTRAINTS;
DROP TABLE "CART" CASCADE CONSTRAINTS;
DROP TABLE "GRADE" CASCADE CONSTRAINTS;
DROP TABLE "ORDER" CASCADE CONSTRAINTS;
DROP TABLE "PAYMENT" CASCADE CONSTRAINTS;
DROP TABLE "ATTEND" CASCADE CONSTRAINTS;
DROP TABLE "FAQ" CASCADE CONSTRAINTS;
DROP TABLE "RECYCLE_LIKED" CASCADE CONSTRAINTS;
DROP TABLE "YESSMALL_PROD" CASCADE CONSTRAINTS;
DROP TABLE "YESSMALL_REVIEW" CASCADE CONSTRAINTS;
DROP TABLE "YESSMALL_CATEGORY" CASCADE CONSTRAINTS;
DROP TABLE "YESSMALL_ATTACHMENT" CASCADE CONSTRAINTS;
DROP TABLE "MARKET" CASCADE CONSTRAINTS;
DROP TABLE "MARKET_CMT" CASCADE CONSTRAINTS;
DROP TABLE "MARKET_TYPE" CASCADE CONSTRAINTS;
DROP TABLE "RECYCLE_TYPE" CASCADE CONSTRAINTS;
DROP TABLE "POINT_HISTORY" CASCADE CONSTRAINTS;
DROP TABLE "COMM_CATE" CASCADE CONSTRAINTS;
DROP TABLE "COMM_LIKE" CASCADE CONSTRAINTS;
DROP TABLE "ORDER_DETAIL" CASCADE CONSTRAINTS;
DROP TABLE "ZZIM" CASCADE CONSTRAINTS;
DROP TABLE "YESS_LIKED" CASCADE CONSTRAINTS;
DROP TABLE "POINT_PLACE" CASCADE CONSTRAINTS;
DROP TABLE "NEWS_TYPE" CASCADE CONSTRAINTS;
DROP TABLE "QNA_TYPE" CASCADE CONSTRAINTS;
DROP TABLE "REPORT_BOARD_TYPE" CASCADE CONSTRAINTS;
DROP TABLE "MARKET_ATTACHMENT" CASCADE CONSTRAINTS;
DROP TABLE "YESSMALL_REVIEW_ATTACHMENT" CASCADE CONSTRAINTS;
DROP TABLE "RECYCLE_ATTACHMENT" CASCADE CONSTRAINTS;
DROP TABLE "COMM_CMT" CASCADE CONSTRAINTS;
DROP TABLE "COMM_HASHTAG" CASCADE CONSTRAINTS;
DROP TABLE "HASHTAG" CASCADE CONSTRAINTS;
DROP TABLE "WHERE_TO" CASCADE CONSTRAINTS;
DROP TABLE "COMM" CASCADE CONSTRAINTS;
DROP TABLE "COMM_ATTACHMENT" CASCADE CONSTRAINTS;

--------------------------------------------------------------------------
--DROP/CREATE SEQUENCE----------------------------------------------------
--------------------------------------------------------------------------
DROP SEQUENCE SEQ_MEMBER_NO;
CREATE SEQUENCE SEQ_MEMBER_NO NOCACHE NOCYCLE;
DROP SEQUENCE SEQ_COMMUNITY_NO;
CREATE SEQUENCE SEQ_COMMUNITY_NO NOCACHE NOCYCLE;
DROP SEQUENCE SEQ_REPORT_NO;
CREATE SEQUENCE SEQ_REPORT_NO NOCACHE NOCYCLE;
DROP SEQUENCE SEQ_NEWS_NO;
CREATE SEQUENCE SEQ_NEWS_NO NOCACHE NOCYCLE;
DROP SEQUENCE SEQ_REPORT_TYPE_NO;
CREATE SEQUENCE SEQ_REPORT_TYPE_NO NOCACHE NOCYCLE;
DROP SEQUENCE SEQ_QNA_NO;
CREATE SEQUENCE SEQ_QNA_NO NOCACHE NOCYCLE;
DROP SEQUENCE SEQ_RECYCLE_NO;
CREATE SEQUENCE SEQ_RECYCLE_NO NOCACHE NOCYCLE;
DROP SEQUENCE SEQ_CART_NO;
CREATE SEQUENCE SEQ_CART_NO NOCACHE NOCYCLE;
DROP SEQUENCE SEQ_GRADE_NO;
CREATE SEQUENCE SEQ_GRADE_NO NOCACHE NOCYCLE;
DROP SEQUENCE SEQ_ORDER_NO;
CREATE SEQUENCE SEQ_ORDER_NO NOCACHE NOCYCLE;
DROP SEQUENCE SEQ_PAYMENT_NO;
CREATE SEQUENCE SEQ_PAYMENT_NO NOCACHE NOCYCLE;
DROP SEQUENCE SEQ_ATTEND_NO;
CREATE SEQUENCE SEQ_ATTEND_NO NOCACHE NOCYCLE;
DROP SEQUENCE SEQ_FAQ_NO;
CREATE SEQUENCE SEQ_FAQ_NO NOCACHE NOCYCLE;
DROP SEQUENCE SEQ_RECYCLE_LIKED_NO;
CREATE SEQUENCE SEQ_RECYCLE_LIKED_NO NOCACHE NOCYCLE;
DROP SEQUENCE SEQ_ATTEND_NO;
CREATE SEQUENCE SEQ_ATTEND_NO NOCACHE NOCYCLE;
DROP SEQUENCE SEQ_YESSMALL_PROD_NO;
CREATE SEQUENCE SEQ_YESSMALL_PROD_NO NOCACHE NOCYCLE;
DROP SEQUENCE SEQ_YESSMALL_REVIEW_NO;
CREATE SEQUENCE SEQ_YESSMALL_REVIEW_NO NOCACHE NOCYCLE;
DROP SEQUENCE SEQ_PROD_CATE_NO;
CREATE SEQUENCE SEQ_PROD_CATE_NO NOCACHE NOCYCLE;
DROP SEQUENCE SEQ_YESSMALL_ATTACHMENT_NO;
CREATE SEQUENCE SEQ_YESSMALL_ATTACHMENT_NO NOCACHE NOCYCLE;
DROP SEQUENCE SEQ_MARKET_NO;
CREATE SEQUENCE SEQ_MARKET_NO NOCACHE NOCYCLE;
DROP SEQUENCE SEQ_MARKET_CMT_NO;
CREATE SEQUENCE SEQ_MARKET_CMT_NO NOCACHE NOCYCLE;
DROP SEQUENCE SEQ_MARKET_TYPE_NO;
CREATE SEQUENCE SEQ_MARKET_TYPE_NO NOCACHE NOCYCLE;
DROP SEQUENCE SEQ_RECYCLE_TYPE_NO;
CREATE SEQUENCE SEQ_RECYCLE_TYPE_NO NOCACHE NOCYCLE;
DROP SEQUENCE SEQ_COMM_ATTACHMENT_NO;
CREATE SEQUENCE SEQ_COMM_ATTACHMENT_NO NOCACHE NOCYCLE;
DROP SEQUENCE SEQ_POINT_HISTORY_NO;
CREATE SEQUENCE SEQ_POINT_HISTORY_NO NOCACHE NOCYCLE;
DROP SEQUENCE SEQ_COMM_CATE_NO;
CREATE SEQUENCE SEQ_COMM_CATE_NO NOCACHE NOCYCLE;
DROP SEQUENCE SEQ_COMM_LIKE_NO;
CREATE SEQUENCE SEQ_COMM_LIKE_NO NOCACHE NOCYCLE;
DROP SEQUENCE SEQ_ORDER_DETAIL_NO;
CREATE SEQUENCE SEQ_ORDER_DETAIL_NO NOCACHE NOCYCLE;
DROP SEQUENCE SEQ_ZZIM_NO;
CREATE SEQUENCE SEQ_ZZIM_NO NOCACHE NOCYCLE;
DROP SEQUENCE SEQ_YESS_LIKED_NO;
CREATE SEQUENCE SEQ_YESS_LIKED_NO NOCACHE NOCYCLE;
DROP SEQUENCE SEQ_POINT_PLACE_NO;
CREATE SEQUENCE SEQ_POINT_PLACE_NO NOCACHE NOCYCLE;
DROP SEQUENCE SEQ_NEWS_TYPE_NO;
CREATE SEQUENCE SEQ_NEWS_TYPE_NO NOCACHE NOCYCLE;
DROP SEQUENCE SEQ_QNA_TYPE_NO;
CREATE SEQUENCE SEQ_QNA_TYPE_NO NOCACHE NOCYCLE;
DROP SEQUENCE SEQ_REPORT_BOARD_TYPE_NO;
CREATE SEQUENCE SEQ_REPORT_BOARD_TYPE_NO NOCACHE NOCYCLE;
DROP SEQUENCE SEQ_MARKET_ATTACHMENT_NO;
CREATE SEQUENCE SEQ_MARKET_ATTACHMENT_NO NOCACHE NOCYCLE;
DROP SEQUENCE SEQ_YESSMALL_REVIEW_ATTACHMENT_NO;
CREATE SEQUENCE SEQ_YESSMALL_REVIEW_ATTACHMENT_NO NOCACHE NOCYCLE;
DROP SEQUENCE SEQ_RECYCLE_ATTACHMENT_NO;
CREATE SEQUENCE SEQ_RECYCLE_ATTACHMENT_NO NOCACHE NOCYCLE;
DROP SEQUENCE SEQ_COMM_CMT_NO;
CREATE SEQUENCE SEQ_COMM_CMT_NO NOCACHE NOCYCLE;
DROP SEQUENCE SEQ_WHERE_TO_NO;
CREATE SEQUENCE SEQ_WHERE_TO_NO NOCACHE NOCYCLE;
DROP SEQUENCE SEQ_COMM_NO;
CREATE SEQUENCE SEQ_COMM_NO NOCACHE NOCYCLE;
DROP SEQUENCE SEQ_COMM_ATTACHMENT_NO;
CREATE SEQUENCE SEQ_COMM_ATTACHMENT_NO NOCACHE NOCYCLE;
DROP SEQUENCE SEQ_COMM_CMT_NO;
CREATE SEQUENCE SEQ_COMM_CMT_NO NOCACHE NOCYCLE;
DROP SEQUENCE SEQ_WHERE_TO_NO;
CREATE SEQUENCE SEQ_WHERE_TO_NO NOCACHE NOCYCLE;

COMMIT;

--------------------------------------------------------------------------
--CREATE TABLE------------------------------------------------------------
--------------------------------------------------------------------------
CREATE TABLE "MEMBER" (
    "NO"    NUMBER        NOT NULL,
    "GRADE_NO"    NUMBER    DEFAULT 1    NOT NULL,
    "ID"    VARCHAR2(50)        NOT NULL UNIQUE,
    "PWD"    VARCHAR2(100)        NOT NULL,
    "NAME"    VARCHAR2(50)        NOT NULL,
    "NICK"    VARCHAR2(50)        NOT NULL UNIQUE,
    "PHONE"    CHAR(13)            NOT NULL UNIQUE,
    "EMAIL"    VARCHAR2(100)        NOT NULL UNIQUE,
    "ADDR1"    VARCHAR2(500) DEFAULT '-' NOT NULL,
    "ADDR2"    VARCHAR2(500) DEFAULT '-' NOT NULL,
    "ADDR3"    VARCHAR2(500) DEFAULT '-' NOT NULL,
    "ENROLL_DATE"    TIMESTAMP    DEFAULT SYSDATE    NOT NULL,
    "MODIFY_DATE"    TIMESTAMP    DEFAULT SYSDATE    NOT NULL,
    "QUIT_YN"    CHAR(1)    DEFAULT 'N' CHECK(QUIT_YN IN ('Y' , 'N'))    NOT NULL,
    "POINT"    NUMBER    DEFAULT 1000    NOT NULL,
    "ADD_POINT"    NUMBER    DEFAULT 1000    NOT NULL,
    "GRADE_DATE"    TIMESTAMP  DEFAULT SYSDATE    NULL
);

COMMENT ON COLUMN "MEMBER"."NO" IS '회원번호';
COMMENT ON COLUMN "MEMBER"."GRADE_NO" IS '등급번호';
COMMENT ON COLUMN "MEMBER"."ID" IS '아이디';
COMMENT ON COLUMN "MEMBER"."PWD" IS '비밀번호';
COMMENT ON COLUMN "MEMBER"."NAME" IS '이름';
COMMENT ON COLUMN "MEMBER"."NICK" IS '닉네임';
COMMENT ON COLUMN "MEMBER"."PHONE" IS '전화번호';
COMMENT ON COLUMN "MEMBER"."EMAIL" IS '이메일';
COMMENT ON COLUMN "MEMBER"."ADDR1" IS '우편번호';
COMMENT ON COLUMN "MEMBER"."ADDR2" IS '주소';
COMMENT ON COLUMN "MEMBER"."ADDR3" IS '상세주소';
COMMENT ON COLUMN "MEMBER"."ENROLL_DATE" IS '가입일자';
COMMENT ON COLUMN "MEMBER"."MODIFY_DATE" IS '최종수정일시';
COMMENT ON COLUMN "MEMBER"."QUIT_YN" IS '회원탈퇴여부';
COMMENT ON COLUMN "MEMBER"."POINT" IS '누적포인트';
COMMENT ON COLUMN "MEMBER"."ADD_POINT" IS '현재포인트';
COMMENT ON COLUMN "MEMBER"."GRADE_DATE" IS '등급변동일자';

CREATE TABLE "REPORT" (
   "NO"   NUMBER      NOT NULL,
   "REPORT_TYPE_NO"   NUMBER      NOT NULL,
   "RE_NO"   NUMBER      NOT NULL,
   "BOARD_TYPE_NO"   NUMBER      NOT NULL,
   "BOARD_NO"   NUMBER      NOT NULL,
   "REPORT_TIME"   TIMESTAMP   DEFAULT SYSDATE   NOT NULL,
   "STATUS"   CHAR(1)   DEFAULT 'O' CHECK(STATUS IN('O', 'X'))   NOT NULL,
   "REPORT_CONT"   VARCHAR(2000)      NOT NULL
);

COMMENT ON COLUMN "REPORT"."RE_NO" IS '회원번호';


CREATE TABLE "NEWS" (
   "NO"   NUMBER      NOT NULL,
   "ADMIN_NO"   NUMBER   DEFAULT 1   NOT NULL,
   "NEWS_TYPE_NO"   NUMBER      NOT NULL,
   "TITLE"   VARCHAR2(200)      NOT NULL,
   "CONTENT"   VARCHAR2(4000)      NOT NULL,
   "ENROLL_DATE"   TIMESTAMP   DEFAULT SYSDATE   NOT NULL,
   "DELETE_YN"   CHAR(1)   DEFAULT 'N' CHECK(DELETE_YN IN ('Y' , 'N'))   NOT NULL,
   "MODIFY_DATE"   TIMESTAMP   DEFAULT SYSDATE   NOT NULL
);

COMMENT ON COLUMN "NEWS"."ADMIN_NO" IS '회원번호(관리자전용)';

COMMENT ON COLUMN "NEWS"."NEWS_TYPE_NO" IS '카테고리 번호';

COMMENT ON COLUMN "NEWS"."TITLE" IS '글 제목';

COMMENT ON COLUMN "NEWS"."CONTENT" IS '글내용';

COMMENT ON COLUMN "NEWS"."ENROLL_DATE" IS '작성일자';

COMMENT ON COLUMN "NEWS"."DELETE_YN" IS '삭제여부';

COMMENT ON COLUMN "NEWS"."MODIFY_DATE" IS '수정일자';


CREATE TABLE "REPORT_TYPE" (
   "NO"   NUMBER      NOT NULL,
   "TYPE"   VARCHAR2(10)      NOT NULL
);


CREATE TABLE "QNA" (
   "NO"   NUMBER      NOT NULL,
   "MEMBER_NO"   NUMBER      NOT NULL,
   "QNA_TYPE_NO"   NUMBER      NOT NULL,
   "TITLE"   VARCHAR2(1000)      NOT NULL,
   "CONTENT"   VARCHAR2(4000)      NOT NULL,
   "ENROLL_DATE"   TIMESTAMP   DEFAULT SYSDATE   NOT NULL,
   "DELETE_YN"   CHAR(1)   DEFAULT 'N' CHECK(DELETE_YN IN ('Y' , 'N'))   NOT NULL,
   "MODIFY_DATE"   TIMESTAMP   DEFAULT SYSDATE   NOT NULL,
   "ANSWER"   VARCHAR2(1000)      NULL,
   "ANSWER_DATE"   TIMESTAMP      NULL,
   "ANSWER_YN"   CHAR(1)   DEFAULT 'N' CHECK(ANSWER_YN IN ('Y' , 'N'))   NOT NULL
);

COMMENT ON COLUMN "QNA"."NO" IS '글번호';

COMMENT ON COLUMN "QNA"."MEMBER_NO" IS '회원번호';

COMMENT ON COLUMN "QNA"."QNA_TYPE_NO" IS '카테고리 번호';

COMMENT ON COLUMN "QNA"."TITLE" IS '글제목';

COMMENT ON COLUMN "QNA"."CONTENT" IS '글내용';

COMMENT ON COLUMN "QNA"."ENROLL_DATE" IS '작성일시';

COMMENT ON COLUMN "QNA"."DELETE_YN" IS '삭제여부
체크제약조건';

COMMENT ON COLUMN "QNA"."MODIFY_DATE" IS '최종수정일시';

COMMENT ON COLUMN "QNA"."ANSWER_YN" IS '답변여부';


CREATE TABLE "RECYCLE" (
   "NO"   NUMBER      NOT NULL,
   "RECYCLE_TYPE_NO"   NUMBER      NOT NULL,
   "NAME"   VARCHAR2(50)      NOT NULL,
   "RECYCLE_INFO"   CLOB      NOT NULL,
   "IMG_PATH"   VARCHAR2(50)      NULL,
   "ENROLL_DATE"   TIMESTAMP   DEFAULT SYSDATE   NOT NULL,
   "MODIFY_DATE"   TIMESTAMP   DEFAULT SYSDATE   NOT NULL,
   "DELETE_YN"   CHAR(1)   DEFAULT 'N' CHECK(DELETE_YN IN ('N', 'Y'))   NULL
);


CREATE TABLE "CART" (
   "MEMBER_NO"   NUMBER      NOT NULL,
   "PROD_NO"   NUMBER      NOT NULL,
   "CNT"   NUMBER      NOT NULL,
   "ADD_DATE"   TIMESTAMP   DEFAULT SYSDATE   NOT NULL
);

COMMENT ON COLUMN "CART"."MEMBER_NO" IS '회원번호';

COMMENT ON COLUMN "CART"."PROD_NO" IS '제품번호';

COMMENT ON COLUMN "CART"."CNT" IS '수량';

COMMENT ON COLUMN "CART"."ADD_DATE" IS '담은날짜';


CREATE TABLE "GRADE" (
   "NO"   NUMBER      NOT NULL,
   "NAME"   VARCHAR2(10)      NOT NULL
);

COMMENT ON COLUMN "GRADE"."NO" IS '등급번호';

COMMENT ON COLUMN "GRADE"."NAME" IS '등급이름';


CREATE TABLE "ORDER" (
	"NO"	NUMBER		NOT NULL,
	"MEMBER_NO"	NUMBER		NOT NULL,
	"PLUS_POINT"	NUMBER		NOT NULL,
	"USE_POINT"	NUMBER	DEFAULT 0	NULL,
	"SUM_PRICE"	NUMBER		NOT NULL,
	"CANCEL_YN"	CHAR(1)	DEFAULT 'N' CHECK(CANCEL_YN IN ('Y' , 'N'))	NOT NULL,
	"NAME"	VARCHAR(20)		NOT NULL,
	"ADDR1"	VARCHAR(20)		NOT NULL,
	"ADDR2"	VARCHAR(200)		NOT NULL,
	"ADDR3"	VARCHAR(200)		NOT NULL,
	"PHONE"	CHAR(13)		NOT NULL
);

COMMENT ON COLUMN "ORDER"."NO" IS '주문번호';

COMMENT ON COLUMN "ORDER"."MEMBER_NO" IS '회원번호';

COMMENT ON COLUMN "ORDER"."PLUS_POINT" IS '적립포인트';

COMMENT ON COLUMN "ORDER"."USE_POINT" IS '사용포인트';

COMMENT ON COLUMN "ORDER"."SUM_PRICE" IS '합산 금액';

COMMENT ON COLUMN "ORDER"."CANCEL_YN" IS '주문상태';

CREATE TABLE "PAYMENT" (
   "NO"   NUMBER      NOT NULL,
   "ORDER_NO"   NUMBER      NOT NULL,
   "PAYMENT"   VARCHAR2(30)      NOT NULL,
   "PAY_DATE"   TIMESTAMP   DEFAULT SYSDATE   NOT NULL,
   "CANCEL_YN"   CHAR(1)   DEFAULT 'N' CHECK(CANCEL_YN IN ('Y' , 'N'))   NOT NULL,
   "CANCEL_DATE"   TIMESTAMP      NULL
);

COMMENT ON COLUMN "PAYMENT"."NO" IS '결제번호';

COMMENT ON COLUMN "PAYMENT"."ORDER_NO" IS '주문번호';

COMMENT ON COLUMN "PAYMENT"."PAYMENT" IS '결제수단';

COMMENT ON COLUMN "PAYMENT"."PAY_DATE" IS '결제날짜';

COMMENT ON COLUMN "PAYMENT"."CANCEL_YN" IS '취소여부';

COMMENT ON COLUMN "PAYMENT"."CANCEL_DATE" IS '취소날짜';


CREATE TABLE "ATTEND" (
   "MEMBER_NO"   NUMBER      NOT NULL,
   "ATTEND_DATE"   TIMESTAMP      NOT NULL
);

COMMENT ON COLUMN "ATTEND"."MEMBER_NO" IS '회원번호';

COMMENT ON COLUMN "ATTEND"."ATTEND_DATE" IS '출석일자';


CREATE TABLE "FAQ" (
   "NO"   NUMBER      NOT NULL,
   "QNA_TYPE_NO"   NUMBER      NOT NULL,
   "ADMIN_NO"   NUMBER      NOT NULL,
   "TITLE"   VARCHAR2(100)      NOT NULL,
   "CONTENT"   VARCHAR2(1000)      NOT NULL,
   "ENROLL_DATE"   TIMESTAMP   DEFAULT SYSDATE   NOT NULL,
   "DELETE_YN"   CHAR(1)   DEFAULT 'N' CHECK(DELETE_YN IN ('Y' , 'N'))   NOT NULL,
   "MODIFY_DATE"   TIMESTAMP   DEFAULT SYSDATE   NOT NULL
);

COMMENT ON COLUMN "FAQ"."NO" IS 'SEQUENCE';

COMMENT ON COLUMN "FAQ"."QNA_TYPE_NO" IS '카테고리 번호';

COMMENT ON COLUMN "FAQ"."ADMIN_NO" IS '회원번호';

COMMENT ON COLUMN "FAQ"."TITLE" IS '글제목';

COMMENT ON COLUMN "FAQ"."CONTENT" IS '글내용';

COMMENT ON COLUMN "FAQ"."ENROLL_DATE" IS '작성일자';


CREATE TABLE "RECYCLE_LIKED" (
   "MEMBER_NO"   NUMBER      NOT NULL,
   "RECYCLE_NO"   NUMBER      NOT NULL
);

COMMENT ON COLUMN "RECYCLE_LIKED"."MEMBER_NO" IS '회원번호';


CREATE TABLE "YESSMALL_PROD" (
   "PROD_NO"   NUMBER      NOT NULL,
   "PROD_CATE_NO"   NUMBER      NOT NULL,
   "PROD_NAME"   VARCHAR2(50)      NOT NULL,
   "PROD_INFO"   VARCHAR2(4000)      NOT NULL,
   "PROD_DETAIL"   CLOB      NOT NULL,
   "PROD_PRICE"   NUMBER      NOT NULL,
   "PROD_STOCK"   NUMBER   DEFAULT 100   NOT NULL,
   "DELETE_YN"   CHAR(1) DEFAULT 'N' CHECK(DELETE_YN IN ('Y' , 'N'))   NOT NULL
);

COMMENT ON COLUMN "YESSMALL_PROD"."PROD_NAME" IS '이름';

COMMENT ON COLUMN "YESSMALL_PROD"."PROD_INFO" IS '제품 소개';

COMMENT ON COLUMN "YESSMALL_PROD"."PROD_DETAIL" IS '제품 상세 소개';

COMMENT ON COLUMN "YESSMALL_PROD"."PROD_PRICE" IS '가격';

COMMENT ON COLUMN "YESSMALL_PROD"."PROD_STOCK" IS '재고 수량';


CREATE TABLE "YESSMALL_REVIEW" (
   "RV_NO"   NUMBER      NOT NULL,
   "MEMBER_NO"   NUMBER      NOT NULL,
   "PROD_NO"   NUMBER      NOT NULL,
    "TITLE"     VARCHAR2(300) NOT NULL,
   "CONTENT"   CLOB      NOT NULL,
   "ENROLL_DATE"   TIMESTAMP   DEFAULT SYSDATE   NOT NULL,
   "MODIFY_DATE"   TIMESTAMP   DEFAULT SYSDATE   NOT NULL,
   "DELETE_YN"   CHAR(1)   DEFAULT 'N' CHECK(DELETE_YN IN ('Y' , 'N'))   NOT NULL
);

COMMENT ON COLUMN "YESSMALL_REVIEW"."MEMBER_NO" IS '회원번호';

COMMENT ON COLUMN "YESSMALL_REVIEW"."DELETE_YN" IS '삭제여부';


CREATE TABLE "YESSMALL_CATEGORY" (
   "PROD_CATE_NO"   NUMBER      NOT NULL,
   "PROD_CATEGORY"   VARCHAR2(15)      NOT NULL
);

COMMENT ON COLUMN "YESSMALL_CATEGORY"."PROD_CATEGORY" IS '상품 분류';


CREATE TABLE "YESSMALL_ATTACHMENT" (
   "PROD_IMG_NO"   NUMBER      NOT NULL,
   "PROD_NO"   NUMBER      NOT NULL,
   "ORIGIN_NAME"   VARCHAR2(255)      NOT NULL,
   "CHANGE_NAME"   VARCHAR2(255)      NOT NULL,
   "FILE_PATH"   VARCHAR2(1000)      NOT NULL,
   "ENROLL_DATE"   TIMESTAMP   DEFAULT SYSDATE   NOT NULL,
   "THUMB_YN"   CHAR(1)   DEFAULT 'N' CHECK(THUMB_YN IN('N','Y'))   NOT NULL,
   "STATUS"   CHAR(1)   DEFAULT 'O' CHECK(STATUS IN ('O', 'X'))   NOT NULL
);

COMMENT ON COLUMN "YESSMALL_ATTACHMENT"."ORIGIN_NAME" IS '기존 이름';

COMMENT ON COLUMN "YESSMALL_ATTACHMENT"."CHANGE_NAME" IS '변경된 이름';

COMMENT ON COLUMN "YESSMALL_ATTACHMENT"."FILE_PATH" IS '파일 경로';

COMMENT ON COLUMN "YESSMALL_ATTACHMENT"."ENROLL_DATE" IS '등록 일시';

COMMENT ON COLUMN "YESSMALL_ATTACHMENT"."THUMB_YN" IS '썸네일 여부';

COMMENT ON COLUMN "YESSMALL_ATTACHMENT"."STATUS" IS '상태';


CREATE TABLE "MARKET" (
   "NO"   NUMBER      NOT NULL,
   "MEMBER_NO"   NUMBER      NOT NULL,
   "MARKET_TYPE_NO"   NUMBER      NOT NULL,
   "TITLE"   VARCHAR2(100)      NULL,
   "OBJECT_NAME"   VARCHAR2(100)      NOT NULL,
   "OBJECT_INFO"   VARCHAR2(100)      NOT NULL,
   "TRADE_METHOD"   VARCHAR2(100)      NOT NULL,
   "OBJECT_PS"   VARCHAR2(1000)      NOT NULL,
   "ENROLL_DATE"   TIMESTAMP   DEFAULT SYSDATE   NOT NULL,
   "DELETE_YN"   CHAR(1)   DEFAULT 'N' CHECK(DELETE_YN IN ('Y' , 'N'))   NOT NULL,
   "MODIFY_DATE"   TIMESTAMP   DEFAULT SYSDATE   NOT NULL,
   "HIT"   NUMBER   DEFAULT 0   NOT NULL,
   "TRADE_YN"   CHAR(1)   DEFAULT 'N' CHECK(TRADE_YN IN ('Y' , 'N'))   NOT NULL
);

COMMENT ON COLUMN "MARKET"."NO" IS '글번호';

COMMENT ON COLUMN "MARKET"."MEMBER_NO" IS '회원번호';

COMMENT ON COLUMN "MARKET"."ENROLL_DATE" IS '작성일시';

COMMENT ON COLUMN "MARKET"."DELETE_YN" IS '삭제여부';

COMMENT ON COLUMN "MARKET"."MODIFY_DATE" IS '최종수정일시';

COMMENT ON COLUMN "MARKET"."HIT" IS '조회수';


CREATE TABLE "MARKET_CMT" (
   "NO"   NUMBER      NOT NULL,
   "MEMBER_NO"   NUMBER      NOT NULL,
   "MARKET_NO"   NUMBER      NOT NULL,
   "CMT"   VARCHAR2(300)      NOT NULL,
   "CMT_DATE"   TIMESTAMP   DEFAULT SYSDATE   NOT NULL,
   "DELETE_YN"   CHAR(1)   DEFAULT 'N' CHECK(DELETE_YN IN ('Y' , 'N'))   NOT NULL,
   "MODIFY_DATE"   TIMESTAMP   DEFAULT SYSDATE   NOT NULL,
   "SECRET_YN"   CHAR(1)   DEFAULT 'N' CHECK(SECRET_YN IN ('Y' , 'N'))   NOT NULL
);

COMMENT ON COLUMN "MARKET_CMT"."NO" IS '자유게시판 댓글 번호';

COMMENT ON COLUMN "MARKET_CMT"."MEMBER_NO" IS '회원번호';

COMMENT ON COLUMN "MARKET_CMT"."MARKET_NO" IS '글번호';

COMMENT ON COLUMN "MARKET_CMT"."CMT" IS '댓글 내용';

COMMENT ON COLUMN "MARKET_CMT"."CMT_DATE" IS '작성 날짜';

COMMENT ON COLUMN "MARKET_CMT"."DELETE_YN" IS '삭제 여부';

COMMENT ON COLUMN "MARKET_CMT"."MODIFY_DATE" IS '최종 수정 일시';


CREATE TABLE "MARKET_TYPE" (
   "NO"   NUMBER      NOT NULL,
   "MARKET_TYPE"   VARCHAR2(10)      NOT NULL
);


CREATE TABLE "RECYCLE_TYPE" (
   "NO"   NUMBER      NOT NULL,
   "TYPE"   VARCHAR2(100)      NOT NULL
);



CREATE TABLE "POINT_HISTORY" (
   "NO"   NUMBER      NOT NULL,
   "MEMBER_NO"   NUMBER      NOT NULL,
   "TIME_REPORT"   TIMESTAMP   DEFAULT SYSDATE   NOT NULL,
   "POINT"   NUMBER      NOT NULL,
   "POINT_PLACE_NO"   NUMBER      NOT NULL
);

COMMENT ON COLUMN "POINT_HISTORY"."NO" IS '포인트내역번호';

COMMENT ON COLUMN "POINT_HISTORY"."MEMBER_NO" IS '회원번호';

COMMENT ON COLUMN "POINT_HISTORY"."TIME_REPORT" IS '적립/사용일자';

COMMENT ON COLUMN "POINT_HISTORY"."POINT" IS '적립/사용포인트';

COMMENT ON COLUMN "POINT_HISTORY"."POINT_PLACE_NO" IS '적립/사용처번호';

CREATE TABLE "COMM_LIKE" (
   "COMMUNITY_NO"   NUMBER      NOT NULL,
   "MEMBER_NO"   NUMBER      NOT NULL
);

COMMENT ON COLUMN "COMM_LIKE"."COMMUNITY_NO" IS '글번호';

COMMENT ON COLUMN "COMM_LIKE"."MEMBER_NO" IS '회원번호';


CREATE TABLE "ORDER_DETAIL" (
   "NO"   NUMBER      NOT NULL,
   "PROD_NO"   NUMBER      NOT NULL,
   "ORDER_NO"   NUMBER      NOT NULL,
   "CNT"   NUMBER      NOT NULL
);

COMMENT ON COLUMN "ORDER_DETAIL"."NO" IS '내역번호';

COMMENT ON COLUMN "ORDER_DETAIL"."PROD_NO" IS '제품번호';

COMMENT ON COLUMN "ORDER_DETAIL"."ORDER_NO" IS '주문번호';

COMMENT ON COLUMN "ORDER_DETAIL"."CNT" IS '수량';


CREATE TABLE "ZZIM" (
   "MARKET_NO"   NUMBER      NOT NULL,
   "MEMBER_NO"   NUMBER      NOT NULL
);

COMMENT ON COLUMN "ZZIM"."MARKET_NO" IS '글번호';

COMMENT ON COLUMN "ZZIM"."MEMBER_NO" IS '회원번호';


CREATE TABLE "YESS_LIKED" (
   "MEMBER_NO"   NUMBER      NOT NULL,
   "PROD_NO"   NUMBER      NOT NULL
);

COMMENT ON COLUMN "YESS_LIKED"."MEMBER_NO" IS '회원번호';


CREATE TABLE "POINT_PLACE" (
   "NO"   NUMBER      NOT NULL,
   "PLACE"   VARCHAR2(20)      NOT NULL
);

COMMENT ON COLUMN "POINT_PLACE"."NO" IS '적립/사용처번호';

COMMENT ON COLUMN "POINT_PLACE"."PLACE" IS '적립/사용처';


CREATE TABLE "NEWS_TYPE" (
   "NO"   NUMBER      NOT NULL,
   "TYPE"   VARCHAR2(30)      NOT NULL
);

COMMENT ON COLUMN "NEWS_TYPE"."NO" IS '카테고리 번호';

COMMENT ON COLUMN "NEWS_TYPE"."TYPE" IS '공지사항 카테고리';


CREATE TABLE "QNA_TYPE" (
   "NO"   NUMBER      NOT NULL,
   "QNA_TYPE"   VARCHAR2(30)      NOT NULL
);

COMMENT ON COLUMN "QNA_TYPE"."NO" IS '카테고리 번호';

COMMENT ON COLUMN "QNA_TYPE"."QNA_TYPE" IS '문의유형';


CREATE TABLE "REPORT_BOARD_TYPE" (
   "NO"   NUMBER      NOT NULL,
   "TYPE"   VARCHAR2(20)      NOT NULL
);


CREATE TABLE "MARKET_ATTACHMENT" (
   "NO"   NUMBER      NOT NULL,
   "MARKET_NO"   NUMBER      NOT NULL,
   "ORIGIN_NAME"   VARCHAR2(255)      NOT NULL,
   "CHANGE_NAME"   VARCHAR2(255)      NOT NULL,
   "FILE_PATH"   VARCHAR2(1000)      NOT NULL,
   "ENROLL_DATE"   TIMESTAMP   DEFAULT SYSDATE   NOT NULL,
   "THUMB_YN"   CHAR(1)   DEFAULT 'N' CHECK(THUMB_YN IN('N','Y'))   NOT NULL,
   "STATUS"   CHAR(1)   DEFAULT 'O' CHECK(STATUS IN ('O', 'X'))   NOT NULL
);

COMMENT ON COLUMN "MARKET_ATTACHMENT"."MARKET_NO" IS '글번호';

COMMENT ON COLUMN "MARKET_ATTACHMENT"."ORIGIN_NAME" IS '기존 이름';

COMMENT ON COLUMN "MARKET_ATTACHMENT"."CHANGE_NAME" IS '변경된 이름';

COMMENT ON COLUMN "MARKET_ATTACHMENT"."FILE_PATH" IS '파일경로';

COMMENT ON COLUMN "MARKET_ATTACHMENT"."ENROLL_DATE" IS '등록일시';

COMMENT ON COLUMN "MARKET_ATTACHMENT"."THUMB_YN" IS '썸네일 여부';

COMMENT ON COLUMN "MARKET_ATTACHMENT"."STATUS" IS '상태';


CREATE TABLE "YESSMALL_REVIEW_ATTACHMENT" (
   "RV_FILE_NO"   NUMBER      NOT NULL,
   "RV_NO"   NUMBER      NOT NULL,
   "ORIGIN_NAME"   VARCHAR2(255)      NOT NULL,
   "CHANGE_NAME"   VARCHAR2(255)      NOT NULL,
   "FILE_PATH"   VARCHAR2(1000)      NOT NULL,
   "ENROLL_DATE"   TIMESTAMP   DEFAULT SYSDATE   NOT NULL,
   "THUMB_YN"   CHAR(1)   DEFAULT 'N' CHECK(THUMB_YN IN('N','Y'))   NOT NULL,
   "STATUS"   CHAR(1)   DEFAULT 'O' CHECK(STATUS IN ('O', 'X'))   NOT NULL
);

COMMENT ON COLUMN "YESSMALL_REVIEW_ATTACHMENT"."ORIGIN_NAME" IS '기존이름';

COMMENT ON COLUMN "YESSMALL_REVIEW_ATTACHMENT"."CHANGE_NAME" IS '변경된 이름';

COMMENT ON COLUMN "YESSMALL_REVIEW_ATTACHMENT"."FILE_PATH" IS '파일 경로';

COMMENT ON COLUMN "YESSMALL_REVIEW_ATTACHMENT"."ENROLL_DATE" IS '등록 일시';

COMMENT ON COLUMN "YESSMALL_REVIEW_ATTACHMENT"."THUMB_YN" IS '썸네일 여부';

COMMENT ON COLUMN "YESSMALL_REVIEW_ATTACHMENT"."STATUS" IS '상태';


CREATE TABLE "RECYCLE_ATTACHMENT" (
   "NO"   NUMBER      NOT NULL,
   "RECYCLE_NO"   NUMBER      NOT NULL,
   "ORIGIN_NAME"   VARCHAR2(255)      NOT NULL,
   "CHANGE_NAME"   VARCHAR2(255)      NOT NULL,
   "FILE_PATH"   VARCHAR2(1000)      NOT NULL,
   "ENROLL_DATE"   TIMESTAMP   DEFAULT SYSDATE   NOT NULL,
   "THUMB_YN"   CHAR(1)   DEFAULT 'N' CHECK(THUMB_YN IN('N', 'Y'))   NOT NULL,
   "STATUS"   CHAR(1)   DEFAULT 'O' CHECK(STATUS IN ('O', 'X'))   NOT NULL
);

COMMENT ON COLUMN "RECYCLE_ATTACHMENT"."NO" IS '사진 번호';

COMMENT ON COLUMN "RECYCLE_ATTACHMENT"."RECYCLE_NO" IS '분리수거번호';

COMMENT ON COLUMN "RECYCLE_ATTACHMENT"."ORIGIN_NAME" IS '기존파일명';

COMMENT ON COLUMN "RECYCLE_ATTACHMENT"."CHANGE_NAME" IS '바뀐파일명';

COMMENT ON COLUMN "RECYCLE_ATTACHMENT"."FILE_PATH" IS '파일경로';

COMMENT ON COLUMN "RECYCLE_ATTACHMENT"."ENROLL_DATE" IS '업로드일시';

COMMENT ON COLUMN "RECYCLE_ATTACHMENT"."THUMB_YN" IS '썸네일여부';

COMMENT ON COLUMN "RECYCLE_ATTACHMENT"."STATUS" IS '상태';

CREATE TABLE "COMM_HASHTAG" (
   "NO"   NUMBER      NOT NULL,
   "HASHTAG_NO"   NUMBER      NOT NULL
);

COMMENT ON COLUMN "COMM_HASHTAG"."NO" IS '글번호';

COMMIT;


--------------------------------------------------------------------------
--COMMUNITY 구문--------------------------------------------------------------
--------------------------------------------------------------------------


CREATE TABLE "COMM" (
   "NO"   NUMBER      NOT NULL,
   "MEMBER_NO"   NUMBER      NOT NULL,
   "CATEGORY"   NUMBER      NOT NULL,
   "TITLE"   VARCHAR2(1000)      NOT NULL,
   "CONTENT"   CLOB      NOT NULL,
   "ENROLL_DATE"   TIMESTAMP   DEFAULT SYSDATE   NOT NULL,
   "DELETE_YN"   CHAR(1)   DEFAULT 'N' CHECK(DELETE_YN IN ('Y' , 'N'))   NOT NULL,
   "MODIFY_DATE"   TIMESTAMP   DEFAULT SYSDATE   NOT NULL,
   "HIT"   NUMBER   DEFAULT 0   NOT NULL,
   "PICK_YN"   CHAR(1)   DEFAULT 'N' CHECK(PICK_YN IN ('Y' , 'N'))   NOT NULL,
    "LIKE_CNT" NUMBER DEFAULT 0 NOT NULL,
    "HASHTAG" VARCHAR2(4000) NULL,
    "REPORT_YN" CHAR(1)   DEFAULT 'N' CHECK(REPORT_YN IN ('Y' , 'N'))   NOT NULL
);

COMMENT ON COLUMN "COMM"."NO" IS '글번호';

COMMENT ON COLUMN "COMM"."MEMBER_NO" IS '회원번호';

COMMENT ON COLUMN "COMM"."TITLE" IS '글제목';

COMMENT ON COLUMN "COMM"."CONTENT" IS '글내용';

COMMENT ON COLUMN "COMM"."ENROLL_DATE" IS '작성일시';

COMMENT ON COLUMN "COMM"."DELETE_YN" IS '삭제여부';

COMMENT ON COLUMN "COMM"."MODIFY_DATE" IS '최종수정일시';

CREATE TABLE "COMM_ATTACHMENT" (
   "NO"   NUMBER      NOT NULL,
   "COMM_NO"   NUMBER      NOT NULL,
   "ORIGIN_NAME"   VARCHAR2(255)      NOT NULL,
   "CHANGE_NAME"   VARCHAR2(255)      NOT NULL,
   "FILE_PATH"   VARCHAR2(1000)      NOT NULL,
   "ENROLL_DATE"   TIMESTAMP   DEFAULT SYSDATE   NOT NULL,
   "THUMB_YN"   CHAR(1)   DEFAULT 'Y' CHECK(THUMB_YN IN('N', 'Y'))   NOT NULL,
   "STATUS"   CHAR(1)   DEFAULT 'O' CHECK(STATUS IN ('O', 'X'))   NOT NULL
);


COMMENT ON COLUMN "COMM_ATTACHMENT"."COMM_NO" IS '글번호';

CREATE TABLE "COMM_CATE" (
   "NO"   NUMBER      NOT NULL,
   "NAME"   VARCHAR2(255)      NULL
);

CREATE TABLE "COMM_CMT" (
   "CMT_NO"   NUMBER      NOT NULL,
   "POST_NO"   NUMBER      NOT NULL,
   "WRITER"   NUMBER      NOT NULL,
   "CMT"   VARCHAR2(1000)      NOT NULL,
   "ENROLL_DATE"   TIMESTAMP   DEFAULT SYSDATE   NOT NULL,
   "DELETE_YN"   CHAR(1)   DEFAULT 'N' CHECK(DELETE_YN IN ('Y' , 'N'))   NOT NULL,
   "MODIFY_DATE"   TIMESTAMP   DEFAULT SYSDATE   NOT NULL,
   "REPORT_YN"   CHAR(1)   DEFAULT 'N' CHECK(REPORT_YN IN ('Y' , 'N'))   NOT NULL
);


COMMENT ON COLUMN "COMM_CMT"."CMT_NO" IS '자유게시판 댓글 번호';

COMMENT ON COLUMN "COMM_CMT"."POST_NO" IS '글번호';

COMMENT ON COLUMN "COMM_CMT"."WRITER" IS '회원번호';

COMMENT ON COLUMN "COMM_CMT"."CMT" IS '댓글 내용';

COMMENT ON COLUMN "COMM_CMT"."ENROLL_DATE" IS '작성 날짜';

COMMENT ON COLUMN "COMM_CMT"."DELETE_YN" IS '삭제 여부';

COMMENT ON COLUMN "COMM_CMT"."MODIFY_DATE" IS '최종 수정 일시';

COMMENT ON COLUMN "COMM_CMT"."REPORT_YN" IS '신고 여부';


CREATE TABLE "HASHTAG" (
   "HASHTAG_NO"   NUMBER      NOT NULL,
   "NAME"   VARCHAR2(255)      NOT NULL
);

CREATE TABLE "WHERE_TO" (
   "NO"   NUMBER      NOT NULL,
   "NEWS_NO"   NUMBER      NOT NULL,
   "NAME"   VARCHAR(50)      NOT NULL,
   "ADDRESS"   VARCHAR(400)      NOT NULL,
    "ADDR_DETAIL"   VARCHAR(400)
);

COMMENT ON COLUMN "WHERE_TO"."NO" IS '지역 번호';

COMMENT ON COLUMN "WHERE_TO"."NAME" IS '장소 이름';

COMMENT ON COLUMN "WHERE_TO"."ADDRESS" IS '주소';

COMMENT ON COLUMN "WHERE_TO"."ADDR_DETAIL" IS '상세주소';

COMMIT;

--------------------------------------------------------------------------
--PRIMARY KEY-------------------------------------------------------------
--------------------------------------------------------------------------

ALTER TABLE "MEMBER" ADD CONSTRAINT "PK_MEMBER" PRIMARY KEY (
   "NO"
);
ALTER TABLE "COMM" ADD CONSTRAINT "PK_COMM" PRIMARY KEY (
   "NO"
);

ALTER TABLE "COMM_ATTACHMENT" ADD CONSTRAINT "PK_COMM_ATTACHMENT" PRIMARY KEY (
   "NO"
);

ALTER TABLE "COMM_CATE" ADD CONSTRAINT "PK_COMM_CATE" PRIMARY KEY (
   "NO"
);

ALTER TABLE "COMM_CMT" ADD CONSTRAINT "PK_COMM_CMT" PRIMARY KEY (
   "CMT_NO"
);

ALTER TABLE "HASHTAG" ADD CONSTRAINT "PK_HASHTAG" PRIMARY KEY (
   "HASHTAG_NO"
);

ALTER TABLE "REPORT" ADD CONSTRAINT "PK_REPORT" PRIMARY KEY (
   "NO"
);

ALTER TABLE "NEWS" ADD CONSTRAINT "PK_NEWS" PRIMARY KEY (
   "NO"
);

ALTER TABLE "REPORT_TYPE" ADD CONSTRAINT "PK_REPORT_TYPE" PRIMARY KEY (
   "NO"
);

ALTER TABLE "QNA" ADD CONSTRAINT "PK_QNA" PRIMARY KEY (
   "NO"
);

ALTER TABLE "RECYCLE" ADD CONSTRAINT "PK_RECYCLE" PRIMARY KEY (
   "NO"
);

ALTER TABLE "GRADE" ADD CONSTRAINT "PK_GRADE" PRIMARY KEY (
   "NO"
);

ALTER TABLE "ORDER" ADD CONSTRAINT "PK_ORDER" PRIMARY KEY (
   "NO"
);

ALTER TABLE "PAYMENT" ADD CONSTRAINT "PK_PAYMENT" PRIMARY KEY (
   "NO"
);

ALTER TABLE "FAQ" ADD CONSTRAINT "PK_FAQ" PRIMARY KEY (
   "NO",
   "QNA_TYPE_NO"
);

ALTER TABLE "YESSMALL_PROD" ADD CONSTRAINT "PK_YESSMALL_PROD" PRIMARY KEY (
   "PROD_NO"
);

ALTER TABLE "YESSMALL_REVIEW" ADD CONSTRAINT "PK_YESSMALL_REVIEW" PRIMARY KEY (
   "RV_NO"
);

ALTER TABLE "YESSMALL_CATEGORY" ADD CONSTRAINT "PK_YESSMALL_CATEGORY" PRIMARY KEY (
   "PROD_CATE_NO"
);

ALTER TABLE "YESSMALL_ATTACHMENT" ADD CONSTRAINT "PK_YESSMALL_ATTACHMENT" PRIMARY KEY (
   "PROD_IMG_NO"
);

ALTER TABLE "MARKET" ADD CONSTRAINT "PK_MARKET" PRIMARY KEY (
   "NO"
);

ALTER TABLE "MARKET_CMT" ADD CONSTRAINT "PK_MARKET_CMT" PRIMARY KEY (
   "NO"
);

ALTER TABLE "MARKET_TYPE" ADD CONSTRAINT "PK_MARKET_TYPE" PRIMARY KEY (
   "NO"
);

ALTER TABLE "RECYCLE_TYPE" ADD CONSTRAINT "PK_RECYCLE_TYPE" PRIMARY KEY (
   "NO"
);

ALTER TABLE "POINT_HISTORY" ADD CONSTRAINT "PK_POINT_HISTORY" PRIMARY KEY (
   "NO"
);

ALTER TABLE "ORDER_DETAIL" ADD CONSTRAINT "PK_ORDER_DETAIL" PRIMARY KEY (
   "NO"
);

ALTER TABLE "POINT_PLACE" ADD CONSTRAINT "PK_POINT_PLACE" PRIMARY KEY (
   "NO"
);

ALTER TABLE "NEWS_TYPE" ADD CONSTRAINT "PK_NEWS_TYPE" PRIMARY KEY (
   "NO"
);

ALTER TABLE "QNA_TYPE" ADD CONSTRAINT "PK_QNA_TYPE" PRIMARY KEY (
   "NO"
);

ALTER TABLE "REPORT_BOARD_TYPE" ADD CONSTRAINT "PK_REPORT_BOARD_TYPE" PRIMARY KEY (
   "NO"
);

ALTER TABLE "MARKET_ATTACHMENT" ADD CONSTRAINT "PK_MARKET_ATTACHMENT" PRIMARY KEY (
   "NO"
);

ALTER TABLE "YESSMALL_REVIEW_ATTACHMENT" ADD CONSTRAINT "PK_YESSMALL_REVIEW_ATTACHMENT" PRIMARY KEY (
   "RV_FILE_NO"
);

ALTER TABLE "RECYCLE_ATTACHMENT" ADD CONSTRAINT "PK_RECYCLE_ATTACHMENT" PRIMARY KEY (
   "NO"
);

-------------------------------------------------------------------------------
--FOREIGN KEY------------------------------------------------------------------------
-------------------------------------------------------------------------------
ALTER TABLE "FAQ" ADD CONSTRAINT "FK_QNA_TYPE_TO_FAQ_1" FOREIGN KEY (
   "QNA_TYPE_NO"
)
REFERENCES "QNA_TYPE" (
   "NO"
);

ALTER TABLE "NEWS" ADD CONSTRAINT "FK_MEMBER_TO_NEWS_1" FOREIGN KEY (
	"ADMIN_NO"
)
REFERENCES "MEMBER" (
	"NO"
);

ALTER TABLE "NEWS" ADD CONSTRAINT "FK_NEWS_TYPE_TO_NEWS_1" FOREIGN KEY (
	"NEWS_TYPE_NO"
)
REFERENCES "NEWS_TYPE" (
	"NO"
);

ALTER TABLE "COMM" ADD CONSTRAINT "FK_MEMBER_TO_COMM_1" FOREIGN KEY (
   "MEMBER_NO"
)
REFERENCES "MEMBER" (
   "NO"
);

ALTER TABLE "COMM" ADD CONSTRAINT "FK_COMM_CATE_TO_COMM_1" FOREIGN KEY (
   "CATEGORY"
)
REFERENCES "COMM_CATE" (
   "NO"
);

ALTER TABLE "COMM_ATTACHMENT" ADD CONSTRAINT "FK_COMM_TO_COMM_ATTACHMENT_1" FOREIGN KEY (
   "COMM_NO"
)
REFERENCES "COMM" (
   "NO"
);
ALTER TABLE "COMM_LIKE" ADD CONSTRAINT "FK_COMM_TO_COMM_LIKE_1" FOREIGN KEY (
   "COMMUNITY_NO"
)
REFERENCES "COMM" (
   "NO"
);

ALTER TABLE "COMM_LIKE" ADD CONSTRAINT "FK_MEMBER_TO_COMM_LIKE_1" FOREIGN KEY (
   "MEMBER_NO"
)
REFERENCES "MEMBER" (
   "NO"
);

ALTER TABLE "COMM_CMT" ADD CONSTRAINT "FK_COMM_TO_COMM_CMT_1" FOREIGN KEY (
   "POST_NO"
)
REFERENCES "COMM" (
   "NO"
);

ALTER TABLE "COMM_CMT" ADD CONSTRAINT "FK_MEMBER_TO_COMM_CMT_1" FOREIGN KEY (
   "WRITER"
)
REFERENCES "MEMBER" (
   "NO"
);

ALTER TABLE "WHERE_TO" ADD CONSTRAINT "PK_WHERE_TO" PRIMARY KEY (
   "NO"
);

ALTER TABLE "WHERE_TO" ADD CONSTRAINT "FK_NEWS_TO_WHERE_TO_1" FOREIGN KEY (
   "NEWS_NO"
)
REFERENCES "NEWS" (
   "NO"
);
ALTER TABLE "CART" ADD CONSTRAINT "FK_MEMBER_TO_CART_1" FOREIGN KEY (
   "MEMBER_NO"
)
REFERENCES "MEMBER" (
   "NO"
);

ALTER TABLE "CART" ADD CONSTRAINT "FK_YESSMALL_PROD_TO_CART_1" FOREIGN KEY (
   "PROD_NO"
)
REFERENCES "YESSMALL_PROD" (
   "PROD_NO"
);

ALTER TABLE "ORDER_DETAIL" ADD CONSTRAINT "FK_YESSMALL_PROD_TO_ORDER_DETAIL_1" FOREIGN KEY (
	"PROD_NO"
)
REFERENCES "YESSMALL_PROD" (
	"PROD_NO"
);

ALTER TABLE "ORDER_DETAIL" ADD CONSTRAINT "FK_ORDER_TO_ORDER_DETAIL_1" FOREIGN KEY (
	"ORDER_NO"
)
REFERENCES "ORDER" (
	"NO"
);

ALTER TABLE "ORDER" ADD CONSTRAINT "FK_MEMBER_TO_ORDER_1" FOREIGN KEY (
	"MEMBER_NO"
)
REFERENCES "MEMBER" (
	"NO"
);



-------------------------------------------------------------------------------
--INSERT-----------------------------------------------------------------------
-------------------------------------------------------------------------------


INSERT INTO COMM_CATE VALUES(1, '정보게시판');
INSERT INTO COMM_CATE VALUES(2, '문의게시판');
INSERT INTO COMM_CATE VALUES(3, '잡담게시판');
INSERT INTO COMM_CATE VALUES(4, '사진게시판');

COMMIT;



--마켓 더미데이터

---------------------------
--GRADE
---------------------------
INSERT INTO GRADE VALUES(1,'씨앗');
INSERT INTO GRADE VALUES(2,'새싹');
INSERT INTO GRADE VALUES(3,'가지');
INSERT INTO GRADE VALUES(4,'꽃잎');
INSERT INTO GRADE VALUES(5,'열매');
INSERT INTO GRADE VALUES(8,'비료');
INSERT INTO GRADE VALUES(9,'관리자');
---------------------------
--MEMBER
---------------------------
INSERT INTO MEMBER VALUES(SEQ_MEMBER_NO.NEXTVAL, 9, 'admin', '1234', '관리자', '관리자', '01000000000','abc1@def.com', '사무실', '사무실', '사무실', SYSDATE, SYSDATE, 'N', 1000000, 5, SYSDATE );
INSERT INTO MEMBER VALUES(SEQ_MEMBER_NO.NEXTVAL, 1, 'bk5991', '1234', '김보경', '보개미', '01053335991','abc6@def.com', '우리집', '우리집', '우리집', SYSDATE, SYSDATE, 'N', 1000, 5, SYSDATE ); 
INSERT INTO MEMBER VALUES(SEQ_MEMBER_NO.NEXTVAL, 2, 'sy9879', '1234', '박서연', '요정서연', '01077219879','abc7@def.com', '우리집', '우리집', '우리집', SYSDATE, SYSDATE, 'N', 1000, 5, SYSDATE ); 
INSERT INTO MEMBER VALUES(SEQ_MEMBER_NO.NEXTVAL, 3, 'jw6076', '1234', '우지운', '조장지운', '01071816076','abc8@def.com', '우리집', '우리집', '우리집', SYSDATE, SYSDATE, 'N', 1000, 5, SYSDATE ); 
INSERT INTO MEMBER VALUES(SEQ_MEMBER_NO.NEXTVAL, 4, 'dj0081', '1234', '문동주',  '인어동주', '01058780081', 'abc9@def.com', '우리집', '우리집', '우리집', SYSDATE, SYSDATE, 'N', 1000, 5, SYSDATE ); 
INSERT INTO MEMBER VALUES(SEQ_MEMBER_NO.NEXTVAL, 5, 'je8912', '1234', '백재은', '통장재은', '01050858912','abc0@def.com', '우리집', '우리집', '우리집', SYSDATE, SYSDATE, 'N', 1000, 5, SYSDATE );
INSERT INTO MEMBER VALUES(33, 1, 'njshype10', '1234', '뉴진스', '하입보이요', '01011117771','njsh@def.com', '우리집', '우리집', '우리집', SYSDATE, SYSDATE, 'N', 1000, 5, SYSDATE ); 
INSERT INTO MEMBER VALUES(55, 2, 'moon0081', '1234', '피글렛', '피글렛', '01011117777','abc2@def.com', '우리집', '우리집', '우리집', SYSDATE, SYSDATE, 'N', 1000, 5, SYSDATE );
INSERT INTO MEMBER VALUES(77, 4, 'user77', '1234', '손흥민', '손흥민', '01011117778','abc3@def.com', '우리집', '우리집', '우리집', SYSDATE, SYSDATE, 'N', 1000, 5, SYSDATE ); 
INSERT INTO MEMBER VALUES(555, 3, 'user555', '1234', '예쓰좋아', '예쓰좋아', '01011117779','abc4@def.com', '우리집', '우리집', '우리집', SYSDATE, SYSDATE, 'N', 1000, 5, SYSDATE ); 
INSERT INTO MEMBER VALUES(777, 1, 'user777', '1234', '지구수비대', '지구수비대', '01011117770','abc5@def.com', '우리집', '우리집', '우리집', SYSDATE, SYSDATE, 'N', 1000, 5, SYSDATE ); 

--포인트 카테고리
INSERT INTO POINT_PLACE VALUES(1,'신규가입');
INSERT INTO POINT_PLACE VALUES(2,'예쓰몰 적립');
INSERT INTO POINT_PLACE VALUES(3,'예쓰몰 사용');
INSERT INTO POINT_PLACE VALUES(4,'출석 체크');

INSERT INTO POINT_HISTORY VALUES(SEQ_POINT_HISTORY_NO.NEXTVAL,1,SYSDATE,1000,1);
INSERT INTO POINT_HISTORY VALUES(SEQ_POINT_HISTORY_NO.NEXTVAL,2,SYSDATE,1500,1);
INSERT INTO POINT_HISTORY VALUES(SEQ_POINT_HISTORY_NO.NEXTVAL,3,SYSDATE,2000,1);
INSERT INTO POINT_HISTORY VALUES(SEQ_POINT_HISTORY_NO.NEXTVAL,4,SYSDATE,2500,1);
INSERT INTO POINT_HISTORY VALUES(SEQ_POINT_HISTORY_NO.NEXTVAL,5,SYSDATE,3000,1);
INSERT INTO POINT_HISTORY VALUES(SEQ_POINT_HISTORY_NO.NEXTVAL,6,SYSDATE,3500,1);
INSERT INTO POINT_HISTORY VALUES(SEQ_POINT_HISTORY_NO.NEXTVAL,33,SYSDATE,3300,1);
INSERT INTO POINT_HISTORY VALUES(SEQ_POINT_HISTORY_NO.NEXTVAL,55,SYSDATE,4000,1);
INSERT INTO POINT_HISTORY VALUES(SEQ_POINT_HISTORY_NO.NEXTVAL,77,SYSDATE,4500,1);
INSERT INTO POINT_HISTORY VALUES(SEQ_POINT_HISTORY_NO.NEXTVAL,555,SYSDATE,5000,1);
INSERT INTO POINT_HISTORY VALUES(SEQ_POINT_HISTORY_NO.NEXTVAL,777,SYSDATE,5500,1);

---------------------------
--YeSS Market 유형 번호
---------------------------
INSERT INTO MARKET_TYPE(NO, MARKET_TYPE) VALUES(SEQ_MARKET_TYPE_NO.NEXTVAL, '팔아요'); 
INSERT INTO MARKET_TYPE(NO, MARKET_TYPE) VALUES(SEQ_MARKET_TYPE_NO.NEXTVAL, '구해요');
INSERT INTO MARKET_TYPE(NO, MARKET_TYPE) VALUES(SEQ_MARKET_TYPE_NO.NEXTVAL, '나눠요');
INSERT INTO MARKET_TYPE(NO, MARKET_TYPE) VALUES(SEQ_MARKET_TYPE_NO.NEXTVAL, '바꿔요');

---------------------------
--NEWS TYPE
---------------------------
INSERT INTO NEWS_TYPE VALUES(1,'RECYCLE NEWS');
INSERT INTO NEWS_TYPE VALUES(2,'RECYCLE AREA');
INSERT INTO NEWS_TYPE VALUES(3,'UPDATE NOTICE');

--------------------------------------------
--카테고리 인서트문
--------------------------------------------
INSERT INTO YESSMALL_CATEGORY VALUES(1, '생활용품');
INSERT INTO YESSMALL_CATEGORY VALUES(2, '주방용품');
INSERT INTO YESSMALL_CATEGORY VALUES(3, '욕실용품');
INSERT INTO YESSMALL_CATEGORY VALUES(4, '일회용품');
INSERT INTO YESSMALL_CATEGORY VALUES(5, '패션잡화');


INSERT INTO COMM VALUES(SEQ_COMM_NO.NEXTVAL, 55, 1, '꿀팁 공유해요!! :)', '좋아요 많이 눌러주시면 다음 편에 쓰겠습니다^_~', SYSDATE, 'N', SYSDATE, 0, 'N', 20 ,'지구, 지키기', 'N');
INSERT INTO COMM VALUES(SEQ_COMM_NO.NEXTVAL, 555, 1, '제가 더 특급 꿀팁 알려드려요^_^', '좋아요 많이 눌러주시면 다음 편에 쓰겠습니다^_~', SYSDATE, 'N', SYSDATE, 0, 'N', 20 ,'지구, 지키기', 'N');
INSERT INTO COMM VALUES(SEQ_COMM_NO.NEXTVAL, 77, 1, '분리수거 정보 공유합니다~', '좋아요 많이 눌러주시면 다음 편에 쓰겠습니다^_~', SYSDATE, 'N', SYSDATE, 0, 'N', 20 ,'지구, 지키기', 'N');
INSERT INTO COMM VALUES(SEQ_COMM_NO.NEXTVAL, 777, 1, '좋은 정보 많이 얻을 수 있어서 좋아요! 저도 유익한 정보 하나 올릴게요!', '좋아요 많이 눌러주시면 다음 편에 쓰겠습니다^_~', SYSDATE, 'N', SYSDATE, 0, 'N', 20 ,'지구, 지키기', 'N');
INSERT INTO COMM VALUES(SEQ_COMM_NO.NEXTVAL, 2, 1, '분리수거가 환경에 얼마나 좋은 영향을 미치는지 아세요?', '좋아요 많이 눌러주시면 다음 편에 쓰겠습니다^_~', SYSDATE, 'N', SYSDATE, 0, 'N', 20 ,'지구, 지키기', 'N');
INSERT INTO COMM VALUES(SEQ_COMM_NO.NEXTVAL, 3, 1, '빙수를 배달시켰는데 이 포장용기는 좀 특이하네요!', '좋아요 많이 눌러주시면 다음 편에 쓰겠습니다^_~', SYSDATE, 'N', SYSDATE, 0, 'N', 20 ,'지구, 지키기', 'N');
INSERT INTO COMM VALUES(SEQ_COMM_NO.NEXTVAL, 4, 1, '분리수거 관련 최신 뉴스 공유해요.', '좋아요 많이 눌러주시면 다음 편에 쓰겠습니다^_~', SYSDATE, 'N', SYSDATE, 0, 'N', 20 ,'지구, 지키기', 'N');
INSERT INTO COMM VALUES(SEQ_COMM_NO.NEXTVAL, 5, 1, '가장 어렵다고 생각하는 분리수거 물품들을 소개할게요!', '좋아요 많이 눌러주시면 다음 편에 쓰겠습니다^_~', SYSDATE, 'N', SYSDATE, 0, 'N', 20 ,'지구, 지키기', 'N');
INSERT INTO COMM VALUES(SEQ_COMM_NO.NEXTVAL, 6, 1, '예쓰 통해서 얻은 TOP3 정보 알려드려요 ㅎㅎ', '좋아요 많이 눌러주시면 다음 편에 쓰겠습니다^_~', SYSDATE, 'N', SYSDATE, 0, 'N', 20 ,'지구, 지키기', 'N');
INSERT INTO COMM VALUES(SEQ_COMM_NO.NEXTVAL, 55, 1, '꿀팁 공유해요!! :)', '좋아요 많이 눌러주시면 다음 편에 쓰겠습니다^_~', SYSDATE, 'N', SYSDATE, 5, 'N', 20 ,'지구, 지키기', 'N');
INSERT INTO COMM VALUES(SEQ_COMM_NO.NEXTVAL, 555, 1, '제가 더 특급 꿀팁 알려드려요^_^', '좋아요 많이 눌러주시면 다음 편에 쓰겠습니다^_~', SYSDATE, 'N', SYSDATE, 0, 'N', 25 ,'지구, 지키기', 'N');
INSERT INTO COMM VALUES(SEQ_COMM_NO.NEXTVAL, 77, 1, '분리수거 정보 공유합니다~', '좋아요 많이 눌러주시면 다음 편에 쓰겠습니다^_~', SYSDATE, 'N', SYSDATE, 0, 'N', 20 ,'지구, 지키기', 'N');
INSERT INTO COMM VALUES(SEQ_COMM_NO.NEXTVAL, 777, 1, '좋은 정보 많이 얻을 수 있어서 좋아요! 저도 유익한 정보 하나 올릴게요!', '좋아요 많이 눌러주시면 다음 편에 쓰겠습니다^_~', SYSDATE, 'N', SYSDATE, 0, 'N', 20 ,'지구, 지키기', 'N');
INSERT INTO COMM VALUES(SEQ_COMM_NO.NEXTVAL, 2, 1, '분리수거가 환경에 얼마나 좋은 영향을 미치는지 아세요?', '좋아요 많이 눌러주시면 다음 편에 쓰겠습니다^_~', SYSDATE, 'N', SYSDATE, 0, 'N', 20 ,'지구, 지키기', 'N');
INSERT INTO COMM VALUES(SEQ_COMM_NO.NEXTVAL, 3, 1, '빙수를 배달시켰는데 이 포장용기는 좀 특이하네요!', '좋아요 많이 눌러주시면 다음 편에 쓰겠습니다^_~', SYSDATE, 'N', SYSDATE, 0, 'N', 20 ,'지구, 지키기', 'N');
INSERT INTO COMM VALUES(SEQ_COMM_NO.NEXTVAL, 4, 1, '분리수거 관련 최신 뉴스 공유해요.', '좋아요 많이 눌러주시면 다음 편에 쓰겠습니다^_~', SYSDATE, 'N', SYSDATE, 0, 'N', 20 ,'지구, 지키기', 'N');
INSERT INTO COMM VALUES(SEQ_COMM_NO.NEXTVAL, 5, 1, '가장 어렵다고 생각하는 분리수거 물품들을 소개할게요!', '좋아요 많이 눌러주시면 다음 편에 쓰겠습니다^_~', SYSDATE, 'N', SYSDATE, 0, 'N', 20 ,'지구, 지키기', 'N');
INSERT INTO COMM VALUES(SEQ_COMM_NO.NEXTVAL, 6, 1, '예쓰 통해서 얻은 TOP3 정보 알려드려요 ㅎㅎ', '좋아요 많이 눌러주시면 다음 편에 쓰겠습니다^_~', SYSDATE, 'N', SYSDATE, 0, 'N', 20 ,'지구, 지키기', 'N');
INSERT INTO COMM VALUES(SEQ_COMM_NO.NEXTVAL, 55, 1, '꿀팁 공유해요!! :)', '좋아요 많이 눌러주시면 다음 편에 쓰겠습니다^_~', SYSDATE, 'N', SYSDATE, 0, 'N', 20 ,'지구, 지키기', 'N');
INSERT INTO COMM VALUES(SEQ_COMM_NO.NEXTVAL, 555, 1, '제가 더 특급 꿀팁 알려드려요^_^', '좋아요 많이 눌러주시면 다음 편에 쓰겠습니다^_~', SYSDATE, 'N', SYSDATE, 0, 'N', 20 ,'지구, 지키기', 'N');
INSERT INTO COMM VALUES(SEQ_COMM_NO.NEXTVAL, 77, 1, '분리수거 정보 공유합니다~', '좋아요 많이 눌러주시면 다음 편에 쓰겠습니다^_~', SYSDATE, 'N', SYSDATE, 0, 'N', 20 ,'지구, 지키기', 'N');
INSERT INTO COMM VALUES(SEQ_COMM_NO.NEXTVAL, 777, 1, '좋은 정보 많이 얻을 수 있어서 좋아요! 저도 유익한 정보 하나 올릴게요!', '좋아요 많이 눌러주시면 다음 편에 쓰겠습니다^_~', SYSDATE, 'N', SYSDATE, 0, 'N', 20 ,'지구, 지키기', 'N');
INSERT INTO COMM VALUES(SEQ_COMM_NO.NEXTVAL, 2, 1, '분리수거가 환경에 얼마나 좋은 영향을 미치는지 아세요?', '좋아요 많이 눌러주시면 다음 편에 쓰겠습니다^_~', SYSDATE, 'N', SYSDATE, 0, 'N', 20 ,'지구, 지키기', 'N');
INSERT INTO COMM VALUES(SEQ_COMM_NO.NEXTVAL, 3, 1, '빙수를 배달시켰는데 이 포장용기는 좀 특이하네요!', '좋아요 많이 눌러주시면 다음 편에 쓰겠습니다^_~', SYSDATE, 'N', SYSDATE, 0, 'N', 20 ,'지구, 지키기', 'N');
INSERT INTO COMM VALUES(SEQ_COMM_NO.NEXTVAL, 4, 1, '분리수거 관련 최신 뉴스 공유해요.', '좋아요 많이 눌러주시면 다음 편에 쓰겠습니다^_~', SYSDATE, 'N', SYSDATE, 0, 'N', 20 ,'지구, 지키기', 'N');
INSERT INTO COMM VALUES(SEQ_COMM_NO.NEXTVAL, 5, 1, '가장 어렵다고 생각하는 분리수거 물품들을 소개할게요!', '좋아요 많이 눌러주시면 다음 편에 쓰겠습니다^_~', SYSDATE, 'N', SYSDATE, 0, 'N', 20 ,'지구, 지키기', 'N');
INSERT INTO COMM VALUES(SEQ_COMM_NO.NEXTVAL, 6, 1, '예쓰 통해서 얻은 TOP3 정보 알려드려요 ㅎㅎ', '좋아요 많이 눌러주시면 다음 편에 쓰겠습니다^_~', SYSDATE, 'N', SYSDATE, 0, 'N', 20 ,'지구, 지키기', 'N');
INSERT INTO COMM VALUES(SEQ_COMM_NO.NEXTVAL, 55, 1, '꿀팁 공유해요!! :)', '좋아요 많이 눌러주시면 다음 편에 쓰겠습니다^_~', SYSDATE, 'N', SYSDATE, 200, 'N', 20 ,'지구, 지키기', 'N');
INSERT INTO COMM VALUES(SEQ_COMM_NO.NEXTVAL, 555, 1, '제가 더 특급 꿀팁 알려드려요^_^', '좋아요 많이 눌러주시면 다음 편에 쓰겠습니다^_~', SYSDATE, 'N', SYSDATE, 0, 'N', 20 ,'지구, 지키기', 'N');
INSERT INTO COMM VALUES(SEQ_COMM_NO.NEXTVAL, 77, 1, '분리수거 정보 공유합니다~', '좋아요 많이 눌러주시면 다음 편에 쓰겠습니다^_~', SYSDATE, 'N', SYSDATE, 0, 'N', 20 ,'지구, 지키기', 'N');
INSERT INTO COMM VALUES(SEQ_COMM_NO.NEXTVAL, 777, 1, '좋은 정보 많이 얻을 수 있어서 좋아요! 저도 유익한 정보 하나 올릴게요!', '좋아요 많이 눌러주시면 다음 편에 쓰겠습니다^_~', SYSDATE, 'N', SYSDATE, 0, 'N', 20 ,'지구, 지키기', 'N');
INSERT INTO COMM VALUES(SEQ_COMM_NO.NEXTVAL, 2, 1, '분리수거가 환경에 얼마나 좋은 영향을 미치는지 아세요?', '좋아요 많이 눌러주시면 다음 편에 쓰겠습니다^_~', SYSDATE, 'N', SYSDATE, 0, 'N', 20 ,'지구, 지키기', 'N');
INSERT INTO COMM VALUES(SEQ_COMM_NO.NEXTVAL, 3, 1, '빙수를 배달시켰는데 이 포장용기는 좀 특이하네요!', '좋아요 많이 눌러주시면 다음 편에 쓰겠습니다^_~', SYSDATE, 'N', SYSDATE, 0, 'N', 20 ,'지구, 지키기', 'N');
INSERT INTO COMM VALUES(SEQ_COMM_NO.NEXTVAL, 4, 1, '분리수거 관련 최신 뉴스 공유해요.', '좋아요 많이 눌러주시면 다음 편에 쓰겠습니다^_~', SYSDATE, 'N', SYSDATE, 0, 'N', 20 ,'지구, 지키기', 'N');
INSERT INTO COMM VALUES(SEQ_COMM_NO.NEXTVAL, 5, 1, '가장 어렵다고 생각하는 분리수거 물품들을 소개할게요!', '좋아요 많이 눌러주시면 다음 편에 쓰겠습니다^_~', SYSDATE, 'N', SYSDATE, 0, 'N', 20 ,'지구, 지키기', 'N');
INSERT INTO COMM VALUES(SEQ_COMM_NO.NEXTVAL, 6, 1, '예쓰 통해서 얻은 TOP3 정보 알려드려요 ㅎㅎ', '좋아요 많이 눌러주시면 다음 편에 쓰겠습니다^_~', SYSDATE, 'N', SYSDATE, 0, 'N', 20 ,'지구, 지키기', 'N');

INSERT INTO COMM VALUES(SEQ_COMM_NO.NEXTVAL, 55, 2, '이거는 어떻게 처리하죠?', '좋아요 많이 눌러주시면 다음 편에 쓰겠습니다^_~', SYSDATE, 'N', SYSDATE, 0, 'N', 20 ,'지구, 지키기', 'N');
INSERT INTO COMM VALUES(SEQ_COMM_NO.NEXTVAL, 555, 2, '배달음식 용기가 분리수거하기 어려운 것 같아요ㅜㅜ', '좋아요 많이 눌러주시면 다음 편에 쓰겠습니다^_~', SYSDATE, 'N', SYSDATE, 0, 'N', 20 ,'지구, 지키기', 'N');
INSERT INTO COMM VALUES(SEQ_COMM_NO.NEXTVAL, 77, 2, '분리수거 관련 문의합니다!', '좋아요 많이 눌러주시면 다음 편에 쓰겠습니다^_~', SYSDATE, 'N', SYSDATE, 0, 'N', 20 ,'지구, 지키기', 'N');
INSERT INTO COMM VALUES(SEQ_COMM_NO.NEXTVAL, 777, 2, '파인애플은 어떻게 버릴까요?', '좋아요 많이 눌러주시면 다음 편에 쓰겠습니다^_~', SYSDATE, 'N', SYSDATE, 0, 'N', 20 ,'지구, 지키기', 'N');
INSERT INTO COMM VALUES(SEQ_COMM_NO.NEXTVAL, 2, 2, '세계에서 분리수거를 가장 잘하는 나라는 어디일까요?', '좋아요 많이 눌러주시면 다음 편에 쓰겠습니다^_~', SYSDATE, 'N', SYSDATE, 0, 'N', 20 ,'지구, 지키기', 'N');
INSERT INTO COMM VALUES(SEQ_COMM_NO.NEXTVAL, 3, 2, '빙수를 배달시켰는데 이 포장용기 어떻게 버릴지 같이 봐주세요!', '좋아요 많이 눌러주시면 다음 편에 쓰겠습니다^_~', SYSDATE, 'N', SYSDATE, 0, 'N', 20 ,'지구, 지키기', 'N');
INSERT INTO COMM VALUES(SEQ_COMM_NO.NEXTVAL, 4, 2, '분리수거 관련 최신 뉴스인데 궁금한게 있어요.', '좋아요 많이 눌러주시면 다음 편에 쓰겠습니다^_~', SYSDATE, 'N', SYSDATE, 0, 'N', 20 ,'지구, 지키기', 'N');
INSERT INTO COMM VALUES(SEQ_COMM_NO.NEXTVAL, 5, 2, '가장 어렵다고 생각하는 분리수거 물품들인데.. 아직도 헷갈려요ㅜ_ㅜ', '좋아요 많이 눌러주시면 다음 편에 쓰겠습니다^_~', SYSDATE, 'N', SYSDATE, 0, 'N', 20 ,'지구, 지키기', 'N');
INSERT INTO COMM VALUES(SEQ_COMM_NO.NEXTVAL, 6, 2, '예쓰 만든 사람 누군지 아세요?', '지구수비대라고 하네요!!^0^', SYSDATE, 'N', SYSDATE, 0, 'N', 20 ,'지구, 지키기', 'N');
INSERT INTO COMM VALUES(SEQ_COMM_NO.NEXTVAL, 55, 2, '이거는 어떻게 처리하죠?', '좋아요 많이 눌러주시면 다음 편에 쓰겠습니다^_~', SYSDATE, 'N', SYSDATE, 0, 'N', 20 ,'지구, 지키기', 'N');
INSERT INTO COMM VALUES(SEQ_COMM_NO.NEXTVAL, 555, 2, '배달음식 용기가 분리수거하기 어려운 것 같아요ㅜㅜ', '좋아요 많이 눌러주시면 다음 편에 쓰겠습니다^_~', SYSDATE, 'N', SYSDATE, 0, 'N', 20 ,'지구, 지키기', 'N');
INSERT INTO COMM VALUES(SEQ_COMM_NO.NEXTVAL, 77, 2, '분리수거 관련 문의합니다!', '좋아요 많이 눌러주시면 다음 편에 쓰겠습니다^_~', SYSDATE, 'N', SYSDATE, 0, 'N', 20 ,'지구, 지키기', 'N');
INSERT INTO COMM VALUES(SEQ_COMM_NO.NEXTVAL, 777, 2, '파인애플은 어떻게 버릴까요?', '좋아요 많이 눌러주시면 다음 편에 쓰겠습니다^_~', SYSDATE, 'N', SYSDATE, 0, 'N', 20 ,'지구, 지키기', 'N');
INSERT INTO COMM VALUES(SEQ_COMM_NO.NEXTVAL, 2, 2, '세계에서 분리수거를 가장 잘하는 나라는 어디일까요?', '좋아요 많이 눌러주시면 다음 편에 쓰겠습니다^_~', SYSDATE, 'N', SYSDATE, 0, 'N', 20 ,'지구, 지키기', 'N');
INSERT INTO COMM VALUES(SEQ_COMM_NO.NEXTVAL, 3, 2, '빙수를 배달시켰는데 이 포장용기 어떻게 버릴지 같이 봐주세요!', '좋아요 많이 눌러주시면 다음 편에 쓰겠습니다^_~', SYSDATE, 'N', SYSDATE, 0, 'N', 20 ,'지구, 지키기', 'N');
INSERT INTO COMM VALUES(SEQ_COMM_NO.NEXTVAL, 4, 2, '분리수거 관련 최신 뉴스인데 궁금한게 있어요.', '좋아요 많이 눌러주시면 다음 편에 쓰겠습니다^_~', SYSDATE, 'N', SYSDATE, 0, 'N', 20 ,'지구, 지키기', 'N');
INSERT INTO COMM VALUES(SEQ_COMM_NO.NEXTVAL, 5, 2, '가장 어렵다고 생각하는 분리수거 물품들인데.. 아직도 헷갈려요ㅜ_ㅜ', '좋아요 많이 눌러주시면 다음 편에 쓰겠습니다^_~', SYSDATE, 'N', SYSDATE, 0, 'N', 20 ,'지구, 지키기', 'N');
INSERT INTO COMM VALUES(SEQ_COMM_NO.NEXTVAL, 6, 2, '예쓰 만든 사람 누군지 아세요?', '지구수비대라고 하네요!!^0^', SYSDATE, 'N', SYSDATE, 0, 'N', 20 ,'지구, 지키기', 'N');
INSERT INTO COMM VALUES(SEQ_COMM_NO.NEXTVAL, 55, 2, '이거는 어떻게 처리하죠?', '좋아요 많이 눌러주시면 다음 편에 쓰겠습니다^_~', SYSDATE, 'N', SYSDATE, 0, 'N', 20 ,'지구, 지키기', 'N');
INSERT INTO COMM VALUES(SEQ_COMM_NO.NEXTVAL, 555, 2, '배달음식 용기가 분리수거하기 어려운 것 같아요ㅜㅜ', '좋아요 많이 눌러주시면 다음 편에 쓰겠습니다^_~', SYSDATE, 'N', SYSDATE, 0, 'N', 20 ,'지구, 지키기', 'N');
INSERT INTO COMM VALUES(SEQ_COMM_NO.NEXTVAL, 77, 2, '분리수거 관련 문의합니다!', '좋아요 많이 눌러주시면 다음 편에 쓰겠습니다^_~', SYSDATE, 'N', SYSDATE, 0, 'N', 20 ,'지구, 지키기', 'N');
INSERT INTO COMM VALUES(SEQ_COMM_NO.NEXTVAL, 777, 2, '파인애플은 어떻게 버릴까요?', '좋아요 많이 눌러주시면 다음 편에 쓰겠습니다^_~', SYSDATE, 'N', SYSDATE, 0, 'N', 20 ,'지구, 지키기', 'N');
INSERT INTO COMM VALUES(SEQ_COMM_NO.NEXTVAL, 2, 2, '세계에서 분리수거를 가장 잘하는 나라는 어디일까요?', '좋아요 많이 눌러주시면 다음 편에 쓰겠습니다^_~', SYSDATE, 'N', SYSDATE, 0, 'N', 20 ,'지구, 지키기', 'N');
INSERT INTO COMM VALUES(SEQ_COMM_NO.NEXTVAL, 3, 2, '빙수를 배달시켰는데 이 포장용기 어떻게 버릴지 같이 봐주세요!', '좋아요 많이 눌러주시면 다음 편에 쓰겠습니다^_~', SYSDATE, 'N', SYSDATE, 0, 'N', 20 ,'지구, 지키기', 'N');
INSERT INTO COMM VALUES(SEQ_COMM_NO.NEXTVAL, 4, 2, '분리수거 관련 최신 뉴스인데 궁금한게 있어요.', '좋아요 많이 눌러주시면 다음 편에 쓰겠습니다^_~', SYSDATE, 'N', SYSDATE, 0, 'N', 20 ,'지구, 지키기', 'N');
INSERT INTO COMM VALUES(SEQ_COMM_NO.NEXTVAL, 5, 2, '가장 어렵다고 생각하는 분리수거 물품들인데.. 아직도 헷갈려요ㅜ_ㅜ', '좋아요 많이 눌러주시면 다음 편에 쓰겠습니다^_~', SYSDATE, 'N', SYSDATE, 0, 'N', 20 ,'지구, 지키기', 'N');
INSERT INTO COMM VALUES(SEQ_COMM_NO.NEXTVAL, 6, 2, '예쓰 만든 사람 누군지 아세요?', '지구수비대라고 하네요!!^0^', SYSDATE, 'N', SYSDATE, 0, 'N', 20 ,'지구, 지키기', 'N');
INSERT INTO COMM VALUES(SEQ_COMM_NO.NEXTVAL, 55, 2, '이거는 어떻게 처리하죠?', '좋아요 많이 눌러주시면 다음 편에 쓰겠습니다^_~', SYSDATE, 'N', SYSDATE, 0, 'N', 20 ,'지구, 지키기', 'N');
INSERT INTO COMM VALUES(SEQ_COMM_NO.NEXTVAL, 555, 2, '배달음식 용기가 분리수거하기 어려운 것 같아요ㅜㅜ', '좋아요 많이 눌러주시면 다음 편에 쓰겠습니다^_~', SYSDATE, 'N', SYSDATE, 0, 'N', 20 ,'지구, 지키기', 'N');
INSERT INTO COMM VALUES(SEQ_COMM_NO.NEXTVAL, 77, 2, '분리수거 관련 문의합니다!', '좋아요 많이 눌러주시면 다음 편에 쓰겠습니다^_~', SYSDATE, 'N', SYSDATE, 0, 'N', 20 ,'지구, 지키기', 'N');
INSERT INTO COMM VALUES(SEQ_COMM_NO.NEXTVAL, 777, 2, '파인애플은 어떻게 버릴까요?', '좋아요 많이 눌러주시면 다음 편에 쓰겠습니다^_~', SYSDATE, 'N', SYSDATE, 0, 'N', 20 ,'지구, 지키기', 'N');
INSERT INTO COMM VALUES(SEQ_COMM_NO.NEXTVAL, 2, 2, '세계에서 분리수거를 가장 잘하는 나라는 어디일까요?', '좋아요 많이 눌러주시면 다음 편에 쓰겠습니다^_~', SYSDATE, 'N', SYSDATE, 0, 'N', 20 ,'지구, 지키기', 'N');
INSERT INTO COMM VALUES(SEQ_COMM_NO.NEXTVAL, 3, 2, '빙수를 배달시켰는데 이 포장용기 어떻게 버릴지 같이 봐주세요!', '좋아요 많이 눌러주시면 다음 편에 쓰겠습니다^_~', SYSDATE, 'N', SYSDATE, 0, 'N', 20 ,'지구, 지키기', 'N');
INSERT INTO COMM VALUES(SEQ_COMM_NO.NEXTVAL, 4, 2, '분리수거 관련 최신 뉴스인데 궁금한게 있어요.', '좋아요 많이 눌러주시면 다음 편에 쓰겠습니다^_~', SYSDATE, 'N', SYSDATE, 0, 'N', 20 ,'지구, 지키기', 'N');
INSERT INTO COMM VALUES(SEQ_COMM_NO.NEXTVAL, 5, 2, '가장 어렵다고 생각하는 분리수거 물품들인데.. 아직도 헷갈려요ㅜ_ㅜ', '좋아요 많이 눌러주시면 다음 편에 쓰겠습니다^_~', SYSDATE, 'N', SYSDATE, 0, 'N', 20 ,'지구, 지키기', 'N');
INSERT INTO COMM VALUES(SEQ_COMM_NO.NEXTVAL, 6, 2, '예쓰 만든 사람 누군지 아세요?', '지구수비대라고 하네요!!^0^', SYSDATE, 'N', SYSDATE, 0, 'N', 100 ,'지구, 지키기', 'N');


INSERT INTO COMM VALUES(SEQ_COMM_NO.NEXTVAL, 55, 3, '오늘도 예쓰에 들어왔어요!', '좋아요 많이 눌러주시면 다음 편에 쓰겠습니다^_~', SYSDATE, 'N', SYSDATE, 0, 'N', 20 ,'지구, 지키기', 'N');
INSERT INTO COMM VALUES(SEQ_COMM_NO.NEXTVAL, 555, 3, '저보다 게시글 많이 쓴 사람이 있을까요?', '좋아요 많이 눌러주시면 다음 편에 쓰겠습니다^_~', SYSDATE, 'N', SYSDATE, 0, 'N', 20 ,'지구, 지키기', 'N');
INSERT INTO COMM VALUES(SEQ_COMM_NO.NEXTVAL, 77, 3, '예쓰 덕분에 분리수거가 쉬워요~', '좋아요 많이 눌러주시면 다음 편에 쓰겠습니다^_~', SYSDATE, 'N', SYSDATE, 0, 'N', 20 ,'지구, 지키기', 'N');
INSERT INTO COMM VALUES(SEQ_COMM_NO.NEXTVAL, 777, 3, '라벨프리 제품들이 많네요 ㅎㅎ', '좋아요 많이 눌러주시면 다음 편에 쓰겠습니다^_~', SYSDATE, 'N', SYSDATE, 0, 'N', 20 ,'지구, 지키기', 'N');
INSERT INTO COMM VALUES(SEQ_COMM_NO.NEXTVAL, 2, 3, '예쓰 로고랑 파비콘 너무 귀엽지 않나요?*_*', '좋아요 많이 눌러주시면 다음 편에 쓰겠습니다^_~', SYSDATE, 'N', SYSDATE, 0, 'N', 20 ,'지구, 지키기', 'N');
INSERT INTO COMM VALUES(SEQ_COMM_NO.NEXTVAL, 3, 3, '분리수거 너무 어려웠는데 이제 좀 자신 있어요!', '좋아요 많이 눌러주시면 다음 편에 쓰겠습니다^_~', SYSDATE, 'N', SYSDATE, 0, 'N', 20 ,'지구, 지키기', 'N');
INSERT INTO COMM VALUES(SEQ_COMM_NO.NEXTVAL, 4, 3, '오늘 예쓰 통해서 알게된 공방에 다녀왔는데 정말 좋았어요~', '좋아요 많이 눌러주시면 다음 편에 쓰겠습니다^_~', SYSDATE, 'N', SYSDATE, 0, 'N', 20 ,'지구, 지키기', 'N');
INSERT INTO COMM VALUES(SEQ_COMM_NO.NEXTVAL, 5, 3, '예쓰몰에서 에코백 샀는데 완전 맘에 들어요!!', '좋아요 많이 눌러주시면 다음 편에 쓰겠습니다^_~', SYSDATE, 'N', SYSDATE, 0, 'N', 200 ,'지구, 지키기', 'N');
INSERT INTO COMM VALUES(SEQ_COMM_NO.NEXTVAL, 6, 3, '오늘도 출석 찍고 갑니당~', '지구수비대라고 하네요!!^0^', SYSDATE, 'N', SYSDATE, 0, 'N', 20 ,'지구, 지키기', 'N');
INSERT INTO COMM VALUES(SEQ_COMM_NO.NEXTVAL, 55, 3, '오늘도 예쓰에 들어왔어요!', '좋아요 많이 눌러주시면 다음 편에 쓰겠습니다^_~', SYSDATE, 'N', SYSDATE, 0, 'N', 20 ,'지구, 지키기', 'N');
INSERT INTO COMM VALUES(SEQ_COMM_NO.NEXTVAL, 555, 3, '저보다 게시글 많이 쓴 사람이 있을까요?', '좋아요 많이 눌러주시면 다음 편에 쓰겠습니다^_~', SYSDATE, 'N', SYSDATE, 0, 'N', 20 ,'지구, 지키기', 'N');
INSERT INTO COMM VALUES(SEQ_COMM_NO.NEXTVAL, 77, 3, '예쓰 덕분에 분리수거가 쉬워요~', '좋아요 많이 눌러주시면 다음 편에 쓰겠습니다^_~', SYSDATE, 'N', SYSDATE, 0, 'N', 20 ,'지구, 지키기', 'N');
INSERT INTO COMM VALUES(SEQ_COMM_NO.NEXTVAL, 777, 3, '라벨프리 제품들이 많네요 ㅎㅎ', '좋아요 많이 눌러주시면 다음 편에 쓰겠습니다^_~', SYSDATE, 'N', SYSDATE, 0, 'N', 20 ,'지구, 지키기', 'N');
INSERT INTO COMM VALUES(SEQ_COMM_NO.NEXTVAL, 2, 3, '예쓰 로고랑 파비콘 너무 귀엽지 않나요?*_*', '좋아요 많이 눌러주시면 다음 편에 쓰겠습니다^_~', SYSDATE, 'N', SYSDATE, 0, 'N', 20 ,'지구, 지키기', 'N');
INSERT INTO COMM VALUES(SEQ_COMM_NO.NEXTVAL, 3, 3, '분리수거 너무 어려웠는데 이제 좀 자신 있어요!', '좋아요 많이 눌러주시면 다음 편에 쓰겠습니다^_~', SYSDATE, 'N', SYSDATE, 0, 'N', 20 ,'지구, 지키기', 'N');
INSERT INTO COMM VALUES(SEQ_COMM_NO.NEXTVAL, 4, 3, '오늘 예쓰 통해서 알게된 공방에 다녀왔는데 정말 좋았어요~', '좋아요 많이 눌러주시면 다음 편에 쓰겠습니다^_~', SYSDATE, 'N', SYSDATE, 0, 'N', 20 ,'지구, 지키기', 'N');
INSERT INTO COMM VALUES(SEQ_COMM_NO.NEXTVAL, 5, 3, '예쓰몰에서 에코백 샀는데 완전 맘에 들어요!!', '좋아요 많이 눌러주시면 다음 편에 쓰겠습니다^_~', SYSDATE, 'N', SYSDATE, 0, 'N', 20 ,'지구, 지키기', 'N');
INSERT INTO COMM VALUES(SEQ_COMM_NO.NEXTVAL, 6, 3, '오늘도 출석 찍고 갑니당~', '지구수비대라고 하네요!!^0^', SYSDATE, 'N', SYSDATE, 0, 'N', 20 ,'지구, 지키기', 'N');
INSERT INTO COMM VALUES(SEQ_COMM_NO.NEXTVAL, 55, 3, '오늘도 예쓰에 들어왔어요!', '좋아요 많이 눌러주시면 다음 편에 쓰겠습니다^_~', SYSDATE, 'N', SYSDATE, 0, 'N', 20 ,'지구, 지키기', 'N');
INSERT INTO COMM VALUES(SEQ_COMM_NO.NEXTVAL, 555, 3, '저보다 게시글 많이 쓴 사람이 있을까요?', '좋아요 많이 눌러주시면 다음 편에 쓰겠습니다^_~', SYSDATE, 'N', SYSDATE, 0, 'N', 20 ,'지구, 지키기', 'N');
INSERT INTO COMM VALUES(SEQ_COMM_NO.NEXTVAL, 77, 3, '예쓰 덕분에 분리수거가 쉬워요~', '좋아요 많이 눌러주시면 다음 편에 쓰겠습니다^_~', SYSDATE, 'N', SYSDATE, 0, 'N', 20 ,'지구, 지키기', 'N');
INSERT INTO COMM VALUES(SEQ_COMM_NO.NEXTVAL, 777, 3, '라벨프리 제품들이 많네요 ㅎㅎ', '좋아요 많이 눌러주시면 다음 편에 쓰겠습니다^_~', SYSDATE, 'N', SYSDATE, 0, 'N', 20 ,'지구, 지키기', 'N');
INSERT INTO COMM VALUES(SEQ_COMM_NO.NEXTVAL, 2, 3, '예쓰 로고랑 파비콘 너무 귀엽지 않나요?*_*', '좋아요 많이 눌러주시면 다음 편에 쓰겠습니다^_~', SYSDATE, 'N', SYSDATE, 0, 'N', 20 ,'지구, 지키기', 'N');
INSERT INTO COMM VALUES(SEQ_COMM_NO.NEXTVAL, 3, 3, '분리수거 너무 어려웠는데 이제 좀 자신 있어요!', '좋아요 많이 눌러주시면 다음 편에 쓰겠습니다^_~', SYSDATE, 'N', SYSDATE, 0, 'N', 20 ,'지구, 지키기', 'N');
INSERT INTO COMM VALUES(SEQ_COMM_NO.NEXTVAL, 4, 3, '오늘 예쓰 통해서 알게된 공방에 다녀왔는데 정말 좋았어요~', '좋아요 많이 눌러주시면 다음 편에 쓰겠습니다^_~', SYSDATE, 'N', SYSDATE, 0, 'N', 20 ,'지구, 지키기', 'N');
INSERT INTO COMM VALUES(SEQ_COMM_NO.NEXTVAL, 5, 3, '예쓰몰에서 에코백 샀는데 완전 맘에 들어요!!', '좋아요 많이 눌러주시면 다음 편에 쓰겠습니다^_~', SYSDATE, 'N', SYSDATE, 0, 'N', 20 ,'지구, 지키기', 'N');
INSERT INTO COMM VALUES(SEQ_COMM_NO.NEXTVAL, 6, 3, '오늘도 출석 찍고 갑니당~', '지구수비대라고 하네요!!^0^', SYSDATE, 'N', SYSDATE, 0, 'N', 20 ,'지구, 지키기', 'N');
INSERT INTO COMM VALUES(SEQ_COMM_NO.NEXTVAL, 55, 3, '오늘도 예쓰에 들어왔어요!', '좋아요 많이 눌러주시면 다음 편에 쓰겠습니다^_~', SYSDATE, 'N', SYSDATE, 0, 'N', 20 ,'지구, 지키기', 'N');
INSERT INTO COMM VALUES(SEQ_COMM_NO.NEXTVAL, 555, 3, '저보다 게시글 많이 쓴 사람이 있을까요?', '좋아요 많이 눌러주시면 다음 편에 쓰겠습니다^_~', SYSDATE, 'N', SYSDATE, 0, 'N', 20 ,'지구, 지키기', 'N');
INSERT INTO COMM VALUES(SEQ_COMM_NO.NEXTVAL, 77, 3, '예쓰 덕분에 분리수거가 쉬워요~', '좋아요 많이 눌러주시면 다음 편에 쓰겠습니다^_~', SYSDATE, 'N', SYSDATE, 0, 'N', 20 ,'지구, 지키기', 'N');
INSERT INTO COMM VALUES(SEQ_COMM_NO.NEXTVAL, 777, 3, '라벨프리 제품들이 많네요 ㅎㅎ', '좋아요 많이 눌러주시면 다음 편에 쓰겠습니다^_~', SYSDATE, 'N', SYSDATE, 0, 'N', 20 ,'지구, 지키기', 'N');
INSERT INTO COMM VALUES(SEQ_COMM_NO.NEXTVAL, 2, 3, '예쓰 로고 귀엽지 않나요?*_*', '좋아요 많이 눌러주시면 다음 편에 쓰겠습니다^_~', SYSDATE, 'N', SYSDATE, 0, 'N', 300 ,'지구, 지키기', 'N');
INSERT INTO COMM VALUES(SEQ_COMM_NO.NEXTVAL, 3, 3, '분리수거 너무 어려웠는데 이제 좀 자신 있어요!', '좋아요 많이 눌러주시면 다음 편에 쓰겠습니다^_~', SYSDATE, 'N', SYSDATE, 0, 'N', 20 ,'지구, 지키기', 'N');
INSERT INTO COMM VALUES(SEQ_COMM_NO.NEXTVAL, 4, 3, '오늘 예쓰 통해서 알게된 공방에 다녀왔는데 정말 좋았어요~', '좋아요 많이 눌러주시면 다음 편에 쓰겠습니다^_~', SYSDATE, 'N', SYSDATE, 0, 'N', 20 ,'지구, 지키기', 'N');
INSERT INTO COMM VALUES(SEQ_COMM_NO.NEXTVAL, 5, 3, '예쓰몰에서 에코백 샀는데 완전 맘에 들어요!!', '좋아요 많이 눌러주시면 다음 편에 쓰겠습니다^_~', SYSDATE, 'N', SYSDATE, 0, 'N', 20 ,'지구, 지키기', 'N');
INSERT INTO COMM VALUES(SEQ_COMM_NO.NEXTVAL, 6, 3, '오늘도 출석 찍고 갑니당~', '지구수비대라고 하네요!!^0^', SYSDATE, 'N', SYSDATE, 0, 'N', 20 ,'지구, 지키기', 'N');

---------------------------
--YeSS Market 게시글 (20개)
---------------------------
INSERT INTO MARKET
(NO, MEMBER_NO, TITLE, MARKET_TYPE_NO, OBJECT_NAME, OBJECT_INFO, TRADE_METHOD, OBJECT_PS, ENROLL_DATE, DELETE_YN, MODIFY_DATE, HIT, TRADE_YN)
VALUES(SEQ_MARKET_NO.NEXTVAL, '2', '팔아요팔아요팔아요', '1', '파는 물건', '파는 물건 상세정보', '직거래 환영', '파는 물건 설명', '2022-10-01', 'N', '2022-10-01', '46', 'Y');

INSERT INTO MARKET
(NO, MEMBER_NO, TITLE, MARKET_TYPE_NO, OBJECT_NAME, OBJECT_INFO, TRADE_METHOD, OBJECT_PS, ENROLL_DATE, DELETE_YN, MODIFY_DATE, HIT, TRADE_YN)
VALUES(SEQ_MARKET_NO.NEXTVAL, '3', '구합니다', '2', '필요한 물건', '필요한 물건 상세정보', '택배거래', '구하는 물건 설명', '2022-10-21', 'N', '2022-10-21', '12', 'N');

INSERT INTO MARKET
(NO, MEMBER_NO, TITLE, MARKET_TYPE_NO, OBJECT_NAME, OBJECT_INFO, TRADE_METHOD, OBJECT_PS, ENROLL_DATE, DELETE_YN, MODIFY_DATE, HIT, TRADE_YN)
VALUES(SEQ_MARKET_NO.NEXTVAL, '4', '나눠드릴게요 가져가세요', '3', '나눔 할 물건', '나눔 할 물건 상세정보', '택배거래', '나눔 할 물건 설명', '2022-10-27', 'N', '2022-10-27', '21', 'N');

INSERT INTO MARKET
(NO, MEMBER_NO, TITLE, MARKET_TYPE_NO, OBJECT_NAME, OBJECT_INFO, TRADE_METHOD, OBJECT_PS, ENROLL_DATE, DELETE_YN, MODIFY_DATE, HIT, TRADE_YN)
VALUES(SEQ_MARKET_NO.NEXTVAL, '5', '바꿀 사람 찾아요', '4', '바꿀 물건', '바꿀 물건 상세정보', '만나서 교환', '바꿀 물건 설명', '2022-11-07', 'N', '2022-11-07', '14', 'Y');

INSERT INTO MARKET
(NO, MEMBER_NO, TITLE, MARKET_TYPE_NO, OBJECT_NAME, OBJECT_INFO, TRADE_METHOD, OBJECT_PS, ENROLL_DATE, DELETE_YN, MODIFY_DATE, HIT, TRADE_YN)
VALUES(SEQ_MARKET_NO.NEXTVAL, '2', '팔아요팔아요팔아요', '1', '파는 물건', '파는 물건 상세정보', '직거래 환영', '파는 물건 설명', '2022-11-14', 'N', '2022-11-14', '7', 'N');

INSERT INTO MARKET
(NO, MEMBER_NO, TITLE, MARKET_TYPE_NO, OBJECT_NAME, OBJECT_INFO, TRADE_METHOD, OBJECT_PS, ENROLL_DATE, DELETE_YN, MODIFY_DATE, HIT, TRADE_YN)
VALUES(SEQ_MARKET_NO.NEXTVAL, '3', '구합니다', '2', '필요한 물건', '필요한 물건 상세정보', '택배거래', '구하는 물건 설명', '2022-11-17', 'N', '2022-11-17', '21', 'N');

INSERT INTO MARKET
(NO, MEMBER_NO, TITLE, MARKET_TYPE_NO, OBJECT_NAME, OBJECT_INFO, TRADE_METHOD, OBJECT_PS, ENROLL_DATE, DELETE_YN, MODIFY_DATE, HIT, TRADE_YN)
VALUES(SEQ_MARKET_NO.NEXTVAL, '4', '나눠드릴게요 가져가세요', '3', '나눔 할 물건', '나눔 할 물건 상세정보', '택배거래', '나눔 할 물건 설명', '2022-11-21', 'N', '2022-11-21', '13', 'Y');

INSERT INTO MARKET
(NO, MEMBER_NO, TITLE, MARKET_TYPE_NO, OBJECT_NAME, OBJECT_INFO, TRADE_METHOD, OBJECT_PS, ENROLL_DATE, DELETE_YN, MODIFY_DATE, HIT, TRADE_YN)
VALUES(SEQ_MARKET_NO.NEXTVAL, '2', '팔아요팔아요팔아요', '1', '파는 물건', '파는 물건 상세정보', '직거래 환영', '파는 물건 설명', '2022-11-27', 'N', '2022-11-27', '3', 'Y');

INSERT INTO MARKET
(NO, MEMBER_NO, TITLE, MARKET_TYPE_NO, OBJECT_NAME, OBJECT_INFO, TRADE_METHOD, OBJECT_PS, ENROLL_DATE, DELETE_YN, MODIFY_DATE, HIT, TRADE_YN)
VALUES(SEQ_MARKET_NO.NEXTVAL, '4', '나눠드릴게요 가져가세요', '3', '나눔 할 물건', '나눔 할 물건 상세정보', '택배거래', '나눔 할 물건 설명', '2022-12-03', 'N', '2022-12-03', '2', 'N');

INSERT INTO MARKET
(NO, MEMBER_NO, TITLE, MARKET_TYPE_NO, OBJECT_NAME, OBJECT_INFO, TRADE_METHOD, OBJECT_PS, ENROLL_DATE, DELETE_YN, MODIFY_DATE, HIT, TRADE_YN)
VALUES(SEQ_MARKET_NO.NEXTVAL, '5', '바꿀 사람 찾아요', '4', '바꿀 물건', '바꿀 물건 상세정보', '만나서 교환', '바꿀 물건 설명', '2022-12-15', 'N', '2022-12-15', '0', 'N');

INSERT INTO MARKET
(NO, MEMBER_NO, TITLE, MARKET_TYPE_NO, OBJECT_NAME, OBJECT_INFO, TRADE_METHOD, OBJECT_PS, ENROLL_DATE, DELETE_YN, MODIFY_DATE, HIT, TRADE_YN)
VALUES(SEQ_MARKET_NO.NEXTVAL, '2', '팔아요팔아요팔아요', '1', '파는 물건', '파는 물건 상세정보', '직거래 환영', '파는 물건 설명', '2022-10-01', 'N', '2022-10-01', '46', 'Y');

INSERT INTO MARKET
(NO, MEMBER_NO, TITLE, MARKET_TYPE_NO, OBJECT_NAME, OBJECT_INFO, TRADE_METHOD, OBJECT_PS, ENROLL_DATE, DELETE_YN, MODIFY_DATE, HIT, TRADE_YN)
VALUES(SEQ_MARKET_NO.NEXTVAL, '3', '구합니다', '2', '필요한 물건', '필요한 물건 상세정보', '택배거래', '구하는 물건 설명', '2022-10-21', 'N', '2022-10-21', '12', 'N');

INSERT INTO MARKET
(NO, MEMBER_NO, TITLE, MARKET_TYPE_NO, OBJECT_NAME, OBJECT_INFO, TRADE_METHOD, OBJECT_PS, ENROLL_DATE, DELETE_YN, MODIFY_DATE, HIT, TRADE_YN)
VALUES(SEQ_MARKET_NO.NEXTVAL, '4', '나눠드릴게요 가져가세요', '3', '나눔 할 물건', '나눔 할 물건 상세정보', '택배거래', '나눔 할 물건 설명', '2022-10-27', 'N', '2022-10-27', '21', 'N');

INSERT INTO MARKET
(NO, MEMBER_NO, TITLE, MARKET_TYPE_NO, OBJECT_NAME, OBJECT_INFO, TRADE_METHOD, OBJECT_PS, ENROLL_DATE, DELETE_YN, MODIFY_DATE, HIT, TRADE_YN)
VALUES(SEQ_MARKET_NO.NEXTVAL, '5', '바꿀 사람 찾아요', '4', '바꿀 물건', '바꿀 물건 상세정보', '만나서 교환', '바꿀 물건 설명', '2022-11-07', 'N', '2022-11-07', '14', 'Y');

INSERT INTO MARKET
(NO, MEMBER_NO, TITLE, MARKET_TYPE_NO, OBJECT_NAME, OBJECT_INFO, TRADE_METHOD, OBJECT_PS, ENROLL_DATE, DELETE_YN, MODIFY_DATE, HIT, TRADE_YN)
VALUES(SEQ_MARKET_NO.NEXTVAL, '2', '팔아요팔아요팔아요', '1', '파는 물건', '파는 물건 상세정보', '직거래 환영', '파는 물건 설명', '2022-11-14', 'N', '2022-11-14', '7', 'N');

INSERT INTO MARKET
(NO, MEMBER_NO, TITLE, MARKET_TYPE_NO, OBJECT_NAME, OBJECT_INFO, TRADE_METHOD, OBJECT_PS, ENROLL_DATE, DELETE_YN, MODIFY_DATE, HIT, TRADE_YN)
VALUES(SEQ_MARKET_NO.NEXTVAL, '3', '구합니다', '2', '필요한 물건', '필요한 물건 상세정보', '택배거래', '구하는 물건 설명', '2022-11-17', 'N', '2022-11-17', '21', 'N');

INSERT INTO MARKET
(NO, MEMBER_NO, TITLE, MARKET_TYPE_NO, OBJECT_NAME, OBJECT_INFO, TRADE_METHOD, OBJECT_PS, ENROLL_DATE, DELETE_YN, MODIFY_DATE, HIT, TRADE_YN)
VALUES(SEQ_MARKET_NO.NEXTVAL, '4', '나눠드릴게요 가져가세요', '3', '나눔 할 물건', '나눔 할 물건 상세정보', '택배거래', '나눔 할 물건 설명', '2022-11-21', 'N', '2022-11-21', '13', 'Y');

INSERT INTO MARKET
(NO, MEMBER_NO, TITLE, MARKET_TYPE_NO, OBJECT_NAME, OBJECT_INFO, TRADE_METHOD, OBJECT_PS, ENROLL_DATE, DELETE_YN, MODIFY_DATE, HIT, TRADE_YN)
VALUES(SEQ_MARKET_NO.NEXTVAL, '2', '팔아요팔아요팔아요', '1', '파는 물건', '파는 물건 상세정보', '직거래 환영', '파는 물건 설명', '2022-11-27', 'N', '2022-11-27', '3', 'Y');

INSERT INTO MARKET
(NO, MEMBER_NO, TITLE, MARKET_TYPE_NO, OBJECT_NAME, OBJECT_INFO, TRADE_METHOD, OBJECT_PS, ENROLL_DATE, DELETE_YN, MODIFY_DATE, HIT, TRADE_YN)
VALUES(SEQ_MARKET_NO.NEXTVAL, '4', '나눠드릴게요 가져가세요', '3', '나눔 할 물건', '나눔 할 물건 상세정보', '택배거래', '나눔 할 물건 설명', '2022-12-03', 'N', '2022-12-03', '2', 'N');

INSERT INTO MARKET
(NO, MEMBER_NO, TITLE, MARKET_TYPE_NO, OBJECT_NAME, OBJECT_INFO, TRADE_METHOD, OBJECT_PS, ENROLL_DATE, DELETE_YN, MODIFY_DATE, HIT, TRADE_YN)
VALUES(SEQ_MARKET_NO.NEXTVAL, '5', '바꿀 사람 찾아요', '4', '바꿀 물건', '바꿀 물건 상세정보', '만나서 교환', '바꿀 물건 설명', '2022-12-15', 'N', '2022-12-15', '0', 'N');

--YeSS Market 사진 (20번글)
--썸네일
INSERT INTO MARKET_ATTACHMENT
(NO, MARKET_NO, ORIGIN_NAME, CHANGE_NAME, FILE_PATH, THUMB_YN)
VALUES(SEQ_MARKET_ATTACHMENT_NO.NEXTVAL, '20', '멜론.PNG', '멜론.PNG' ,'resources/upload/market', 'Y');
--사진
INSERT INTO MARKET_ATTACHMENT
(NO, MARKET_NO, ORIGIN_NAME, CHANGE_NAME, FILE_PATH, THUMB_YN)
VALUES(SEQ_MARKET_ATTACHMENT_NO.NEXTVAL, '20', '복숭아.PNG', '복숭아.PNG' ,'resources/upload/market', 'N');
INSERT INTO MARKET_ATTACHMENT
(NO, MARKET_NO, ORIGIN_NAME, CHANGE_NAME, FILE_PATH, THUMB_YN)
VALUES(SEQ_MARKET_ATTACHMENT_NO.NEXTVAL, '20', '수박.PNG', '수박.PNG' ,'resources/upload/market', 'N');

--YeSS Market 사진 (19번글)
--썸네일
INSERT INTO MARKET_ATTACHMENT
(NO, MARKET_NO, ORIGIN_NAME, CHANGE_NAME, FILE_PATH, THUMB_YN)
VALUES(SEQ_MARKET_ATTACHMENT_NO.NEXTVAL, '19', '복숭아.PNG', '복숭아.PNG' ,'resources/upload/market', 'Y');
--사진
INSERT INTO MARKET_ATTACHMENT
(NO, MARKET_NO, ORIGIN_NAME, CHANGE_NAME, FILE_PATH, THUMB_YN)
VALUES(SEQ_MARKET_ATTACHMENT_NO.NEXTVAL, '19', '수박.PNG', '수박.PNG' ,'resources/upload/market', 'N');
INSERT INTO MARKET_ATTACHMENT
(NO, MARKET_NO, ORIGIN_NAME, CHANGE_NAME, FILE_PATH, THUMB_YN)
VALUES(SEQ_MARKET_ATTACHMENT_NO.NEXTVAL, '19', '자두.PNG', '자두.PNG' ,'resources/upload/market', 'N');

--YeSS Market 사진 (18번글)
--썸네일
INSERT INTO MARKET_ATTACHMENT
(NO, MARKET_NO, ORIGIN_NAME, CHANGE_NAME, FILE_PATH, THUMB_YN)
VALUES(SEQ_MARKET_ATTACHMENT_NO.NEXTVAL, '18', '수박.PNG', '수박.PNG' ,'resources/upload/market', 'Y');
--사진
INSERT INTO MARKET_ATTACHMENT
(NO, MARKET_NO, ORIGIN_NAME, CHANGE_NAME, FILE_PATH, THUMB_YN)
VALUES(SEQ_MARKET_ATTACHMENT_NO.NEXTVAL, '18', '자두.PNG', '자두.PNG' ,'resources/upload/market', 'N');

--YeSS Market 사진 (17번글)
--썸네일
INSERT INTO MARKET_ATTACHMENT
(NO, MARKET_NO, ORIGIN_NAME, CHANGE_NAME, FILE_PATH, THUMB_YN)
VALUES(SEQ_MARKET_ATTACHMENT_NO.NEXTVAL, '17', '자두.PNG', '자두.PNG' ,'resources/upload/market', 'Y');
--사진
INSERT INTO MARKET_ATTACHMENT
(NO, MARKET_NO, ORIGIN_NAME, CHANGE_NAME, FILE_PATH, THUMB_YN)
VALUES(SEQ_MARKET_ATTACHMENT_NO.NEXTVAL, '17', '토마토.PNG', '토마토.PNG' ,'resources/upload/market', 'N');

--YeSS Market 사진 (16번글)
--썸네일
INSERT INTO MARKET_ATTACHMENT
(NO, MARKET_NO, ORIGIN_NAME, CHANGE_NAME, FILE_PATH, THUMB_YN)
VALUES(SEQ_MARKET_ATTACHMENT_NO.NEXTVAL, '16', '토마토.PNG', '토마토.PNG' ,'resources/upload/market', 'Y');
--사진
INSERT INTO MARKET_ATTACHMENT
(NO, MARKET_NO, ORIGIN_NAME, CHANGE_NAME, FILE_PATH, THUMB_YN)
VALUES(SEQ_MARKET_ATTACHMENT_NO.NEXTVAL, '16', '포도.PNG', '포도.PNG' ,'resources/upload/market', 'N');
INSERT INTO MARKET_ATTACHMENT
(NO, MARKET_NO, ORIGIN_NAME, CHANGE_NAME, FILE_PATH, THUMB_YN)
VALUES(SEQ_MARKET_ATTACHMENT_NO.NEXTVAL, '16', '멜론.PNG', '멜론.PNG' ,'resources/upload/market', 'N');
INSERT INTO MARKET_ATTACHMENT
(NO, MARKET_NO, ORIGIN_NAME, CHANGE_NAME, FILE_PATH, THUMB_YN)
VALUES(SEQ_MARKET_ATTACHMENT_NO.NEXTVAL, '16', '복숭아.PNG', '복숭아.PNG' ,'resources/upload/market', 'N');
INSERT INTO MARKET_ATTACHMENT
(NO, MARKET_NO, ORIGIN_NAME, CHANGE_NAME, FILE_PATH, THUMB_YN)
VALUES(SEQ_MARKET_ATTACHMENT_NO.NEXTVAL, '16', '수박.PNG', '수박.PNG' ,'resources/upload/market', 'N');

--YeSS Market 사진 (15번글)
--썸네일
INSERT INTO MARKET_ATTACHMENT
(NO, MARKET_NO, ORIGIN_NAME, CHANGE_NAME, FILE_PATH, THUMB_YN)
VALUES(SEQ_MARKET_ATTACHMENT_NO.NEXTVAL, '15', '멜론.PNG', '멜론.PNG' ,'resources/upload/market', 'Y');

--YeSS Market 사진 (14번글)
--썸네일
INSERT INTO MARKET_ATTACHMENT
(NO, MARKET_NO, ORIGIN_NAME, CHANGE_NAME, FILE_PATH, THUMB_YN)
VALUES(SEQ_MARKET_ATTACHMENT_NO.NEXTVAL, '14', '복숭아.PNG', '복숭아.PNG' ,'resources/upload/market', 'Y');

--YeSS Market 사진 (13번글)
--썸네일
INSERT INTO MARKET_ATTACHMENT
(NO, MARKET_NO, ORIGIN_NAME, CHANGE_NAME, FILE_PATH, THUMB_YN)
VALUES(SEQ_MARKET_ATTACHMENT_NO.NEXTVAL, '13', '토마토.PNG', '토마토.PNG' ,'resources/upload/market', 'Y');

--YeSS Market 사진 (12번글)
--썸네일
INSERT INTO MARKET_ATTACHMENT
(NO, MARKET_NO, ORIGIN_NAME, CHANGE_NAME, FILE_PATH, THUMB_YN)
VALUES(SEQ_MARKET_ATTACHMENT_NO.NEXTVAL, '12', '자두.PNG', '자두.PNG' ,'resources/upload/market', 'Y');

--YeSS Market 사진 (11번글)
--썸네일
INSERT INTO MARKET_ATTACHMENT
(NO, MARKET_NO, ORIGIN_NAME, CHANGE_NAME, FILE_PATH, THUMB_YN)
VALUES(SEQ_MARKET_ATTACHMENT_NO.NEXTVAL, '11', '포도.PNG', '포도.PNG' ,'resources/upload/market', 'Y');

INSERT INTO MARKET_ATTACHMENT
(NO, MARKET_NO, ORIGIN_NAME, CHANGE_NAME, FILE_PATH, THUMB_YN)
VALUES(SEQ_MARKET_ATTACHMENT_NO.NEXTVAL, '10', '멜론.PNG', '멜론.PNG' ,'resources/upload/market', 'Y');
--사진
INSERT INTO MARKET_ATTACHMENT
(NO, MARKET_NO, ORIGIN_NAME, CHANGE_NAME, FILE_PATH, THUMB_YN)
VALUES(SEQ_MARKET_ATTACHMENT_NO.NEXTVAL, '10', '복숭아.PNG', '복숭아.PNG' ,'resources/upload/market', 'N');
INSERT INTO MARKET_ATTACHMENT
(NO, MARKET_NO, ORIGIN_NAME, CHANGE_NAME, FILE_PATH, THUMB_YN)
VALUES(SEQ_MARKET_ATTACHMENT_NO.NEXTVAL, '10', '수박.PNG', '수박.PNG' ,'resources/upload/market', 'N');

--YeSS Market 사진 (9번글)
--썸네일
INSERT INTO MARKET_ATTACHMENT
(NO, MARKET_NO, ORIGIN_NAME, CHANGE_NAME, FILE_PATH, THUMB_YN)
VALUES(SEQ_MARKET_ATTACHMENT_NO.NEXTVAL, '9', '복숭아.PNG', '복숭아.PNG' ,'resources/upload/market', 'Y');
--사진
INSERT INTO MARKET_ATTACHMENT
(NO, MARKET_NO, ORIGIN_NAME, CHANGE_NAME, FILE_PATH, THUMB_YN)
VALUES(SEQ_MARKET_ATTACHMENT_NO.NEXTVAL, '9', '수박.PNG', '수박.PNG' ,'resources/upload/market', 'N');
INSERT INTO MARKET_ATTACHMENT
(NO, MARKET_NO, ORIGIN_NAME, CHANGE_NAME, FILE_PATH, THUMB_YN)
VALUES(SEQ_MARKET_ATTACHMENT_NO.NEXTVAL, '9', '자두.PNG', '자두.PNG' ,'resources/upload/market', 'N');

--YeSS Market 사진 (8번글)
--썸네일
INSERT INTO MARKET_ATTACHMENT
(NO, MARKET_NO, ORIGIN_NAME, CHANGE_NAME, FILE_PATH, THUMB_YN)
VALUES(SEQ_MARKET_ATTACHMENT_NO.NEXTVAL, '8', '수박.PNG', '수박.PNG' ,'resources/upload/market', 'Y');
--사진
INSERT INTO MARKET_ATTACHMENT
(NO, MARKET_NO, ORIGIN_NAME, CHANGE_NAME, FILE_PATH, THUMB_YN)
VALUES(SEQ_MARKET_ATTACHMENT_NO.NEXTVAL, '8', '자두.PNG', '자두.PNG' ,'resources/upload/market', 'N');

--YeSS Market 사진 (7번글)
--썸네일
INSERT INTO MARKET_ATTACHMENT
(NO, MARKET_NO, ORIGIN_NAME, CHANGE_NAME, FILE_PATH, THUMB_YN)
VALUES(SEQ_MARKET_ATTACHMENT_NO.NEXTVAL, '7', '자두.PNG', '자두.PNG' ,'resources/upload/market', 'Y');
--사진
INSERT INTO MARKET_ATTACHMENT
(NO, MARKET_NO, ORIGIN_NAME, CHANGE_NAME, FILE_PATH, THUMB_YN)
VALUES(SEQ_MARKET_ATTACHMENT_NO.NEXTVAL, '7', '토마토.PNG', '토마토.PNG' ,'resources/upload/market', 'N');

--YeSS Market 사진 (6번글)
--썸네일
INSERT INTO MARKET_ATTACHMENT
(NO, MARKET_NO, ORIGIN_NAME, CHANGE_NAME, FILE_PATH, THUMB_YN)
VALUES(SEQ_MARKET_ATTACHMENT_NO.NEXTVAL, '6', '토마토.PNG', '토마토.PNG' ,'resources/upload/market', 'Y');
--사진
INSERT INTO MARKET_ATTACHMENT
(NO, MARKET_NO, ORIGIN_NAME, CHANGE_NAME, FILE_PATH, THUMB_YN)
VALUES(SEQ_MARKET_ATTACHMENT_NO.NEXTVAL, '6', '포도.PNG', '포도.PNG' ,'resources/upload/market', 'N');
INSERT INTO MARKET_ATTACHMENT
(NO, MARKET_NO, ORIGIN_NAME, CHANGE_NAME, FILE_PATH, THUMB_YN)
VALUES(SEQ_MARKET_ATTACHMENT_NO.NEXTVAL, '6', '멜론.PNG', '멜론.PNG' ,'resources/upload/market', 'N');
INSERT INTO MARKET_ATTACHMENT
(NO, MARKET_NO, ORIGIN_NAME, CHANGE_NAME, FILE_PATH, THUMB_YN)
VALUES(SEQ_MARKET_ATTACHMENT_NO.NEXTVAL, '6', '복숭아.PNG', '복숭아.PNG' ,'resources/upload/market', 'N');
INSERT INTO MARKET_ATTACHMENT
(NO, MARKET_NO, ORIGIN_NAME, CHANGE_NAME, FILE_PATH, THUMB_YN)
VALUES(SEQ_MARKET_ATTACHMENT_NO.NEXTVAL, '6', '수박.PNG', '수박.PNG' ,'resources/upload/market', 'N');

--YeSS Market 사진 (5번글)
--썸네일
INSERT INTO MARKET_ATTACHMENT
(NO, MARKET_NO, ORIGIN_NAME, CHANGE_NAME, FILE_PATH, THUMB_YN)
VALUES(SEQ_MARKET_ATTACHMENT_NO.NEXTVAL, '5', '멜론.PNG', '멜론.PNG' ,'resources/upload/market', 'Y');

--YeSS Market 사진 (4번글)
--썸네일
INSERT INTO MARKET_ATTACHMENT
(NO, MARKET_NO, ORIGIN_NAME, CHANGE_NAME, FILE_PATH, THUMB_YN)
VALUES(SEQ_MARKET_ATTACHMENT_NO.NEXTVAL, '4', '복숭아.PNG', '복숭아.PNG' ,'resources/upload/market', 'Y');

--YeSS Market 사진 (3번글)
--썸네일
INSERT INTO MARKET_ATTACHMENT
(NO, MARKET_NO, ORIGIN_NAME, CHANGE_NAME, FILE_PATH, THUMB_YN)
VALUES(SEQ_MARKET_ATTACHMENT_NO.NEXTVAL, '3', '토마토.PNG', '토마토.PNG' ,'resources/upload/market', 'Y');

--YeSS Market 사진 (2번글)
--썸네일
INSERT INTO MARKET_ATTACHMENT
(NO, MARKET_NO, ORIGIN_NAME, CHANGE_NAME, FILE_PATH, THUMB_YN)
VALUES(SEQ_MARKET_ATTACHMENT_NO.NEXTVAL, '2', '자두.PNG', '자두.PNG' ,'resources/upload/market', 'Y');

--YeSS Market 사진 (1번글)
--썸네일
INSERT INTO MARKET_ATTACHMENT
(NO, MARKET_NO, ORIGIN_NAME, CHANGE_NAME, FILE_PATH, THUMB_YN)
VALUES(SEQ_MARKET_ATTACHMENT_NO.NEXTVAL, '1', '포도.PNG', '포도.PNG' ,'resources/upload/market', 'Y');


---------------------------
--NEWS
---------------------------
INSERT INTO NEWS ( NO , ADMIN_NO , NEWS_TYPE_NO , TITLE , CONTENT ) VALUES ( SEQ_NEWS_NO.NEXTVAL ,1 ,1 ,'[날씨] 평년보다 포근…낮 최고 4∼14도' ,'화요일인 10일은 전국이 대체로 맑겠으나 강원 영동과 경상권 동해안은 구름이 많다가 아침부터 차차 개겠다.' );
INSERT INTO NEWS ( NO , ADMIN_NO , NEWS_TYPE_NO , TITLE , CONTENT ) VALUES ( SEQ_NEWS_NO.NEXTVAL ,1 ,1 ,'내일도 안춥다…수도권·충청·대구 등 미세먼지 ‘나쁨’' ,'화요일인 10일도 기온이 예년보다 3~5도 높아 크게 춥지 않겠다. 10일 아침 최저기온은 영하 10도에서 영상 2도 사이이고 낮 최고기온은 영상 4~12도로 예상된다.' );
INSERT INTO NEWS ( NO , ADMIN_NO , NEWS_TYPE_NO , TITLE , CONTENT ) VALUES ( SEQ_NEWS_NO.NEXTVAL ,1 ,1 ,'확진자 두?달?만에?최저…내주 실내 마스크 조정 논의 시작' ,'9일 중앙방역대책본부에 따르면 이날 0시 기준 국내 코로나19 신규 확진자는 1만9천106명으로, 전날(4만6천766명)보다 2만7천660명 줄어들었다. 이날 신규 확진은 지난해 11월7일(1만8천665명) 이후 63일 만에 가장 적은 수치이며 월요일(발표일) 기준으로 9주 만에 최저치다. 또 일주일 전인 지난 2일(2만2천724명)보다는 3천618명, 2주일 전인 지난달 26일(2만5천530명)보다는 6천424명 각각 감소했다. 위중증 환자는 523명이며 사망자는 35명이다. 경기지역에선 5천855명이 양성 판정을 받았다.' );
INSERT INTO NEWS ( NO , ADMIN_NO , NEWS_TYPE_NO , TITLE , CONTENT ) VALUES ( SEQ_NEWS_NO.NEXTVAL ,1 ,1 ,'경기도 32개 지자체 중 17개 시군, 탄소중립 이행정책 수립 안해' ,'9일 기후위기 경기비상행동이 지난해 11~12월 경기도와 31개 시·군을 대상으로 실시한 "탄소중립 이행기반 구축 현황 조사" 결과에 따르면 민선 8기 들어 경기도와 14개 시·군이 탄소중립 이행 정책을 수립했지만, 17개 시·군은 수립하지 않았다.' );
INSERT INTO NEWS ( NO , ADMIN_NO , NEWS_TYPE_NO , TITLE , CONTENT ) VALUES ( SEQ_NEWS_NO.NEXTVAL ,1 ,1 ,'멸종위기종 노랑부리저어새 50여마리 순천 도심서 먹이활동' ,'9일 순천시에 따르면 노랑부리저어새가 관찰된 곳은 2023순천만국제정원박람회를 맞아 새롭게 선보이는 도심 정원의 랜드마크 "오천그린광장"으로, 먹이활동을 하는 50여마리가 발견됐다. 순천에는 한 해 수십만 마리의 철새가 찾는 세계적인 철새도래지 순천만이 있지만 희귀조류인 노랑부리저어새가 사람들이 거주하는 도심까지 찾아든 것은 드문 일이다.' );
INSERT INTO NEWS ( NO , ADMIN_NO , NEWS_TYPE_NO , TITLE , CONTENT ) VALUES ( SEQ_NEWS_NO.NEXTVAL ,1 ,1 ,'수도권 새벽 잠 깨운 지진…"안전지대 아냐, 언제든 흔들"' ,'지난해 10월 충북 괴산에서 발생했던 규모 4.1 지진에 이어 9일 오전 인천 강화에서 규모 3.7 지진이 발생하자 수도권 강진에 대한 우려가 커지고 있다. 전문가들은 규모 3.0~5.0의 지진은 과거에도 수도권 인근에서 발생한 적 있다며 "수도권은 지진 안전지대가 아니다"고 설명했다.' );
INSERT INTO NEWS ( NO , ADMIN_NO , NEWS_TYPE_NO , TITLE , CONTENT ) VALUES ( SEQ_NEWS_NO.NEXTVAL ,1 ,1 ,'"물 아끼자" 광주 대형건물 저수조 청소 최장 2개월 유예' ,'최악 가뭄에 시달리는 광주에서 물 절약을 위해 대형건물 저수조 청소도 유예된다. 광주시 상수도사업본부는 수도법에 따라 상·하반기 1회씩 시행하는 대형건축물 등 소유자의 저수조 청소 의무 기한을 최장 2개월까지 연장한다고 9일 밝혔다.' );
INSERT INTO NEWS ( NO , ADMIN_NO , NEWS_TYPE_NO , TITLE , CONTENT ) VALUES ( SEQ_NEWS_NO.NEXTVAL ,1 ,1 ,'미국 인공위성 잔해물 한반도 밖에 떨어진 듯…“피해 접수 없어”' ,'9일 오후 한반도에 떨어질 것으로 우려됐던 미국 지구관측위성 잔해물이 한반도를 피해 떨어진 것으로 추정된다.' );
INSERT INTO NEWS ( NO , ADMIN_NO , NEWS_TYPE_NO , TITLE , CONTENT ) VALUES ( SEQ_NEWS_NO.NEXTVAL ,1 ,1 ,'천연기념물 노랑부리저어새 순천 도심에서 먹이활동' ,'순천시는 천연기념물이자 멸종위기야생동물 Ⅱ급인 ‘노랑부리저어새’가 도심에서 먹이활동을 하고 있는 모습이 포착됐다고 9일 밝혔다. 노랑부리저어새가 관찰된 곳은 2023순천만국제정원박람회를 맞아 새롭게 선보이는 오천그린광장으로 최근 50여 마리가 발견됐다.' );
INSERT INTO NEWS ( NO , ADMIN_NO , NEWS_TYPE_NO , TITLE , CONTENT ) VALUES ( SEQ_NEWS_NO.NEXTVAL ,1 ,1 ,'투명 페트병 분리 배출 2주째 대구 과태료 부과 0건…"홍보 미흡"' ,'라벨이 제거된 투명 페트병 수십개가 분리수거장에 위치한 페트병 수거함에 담겨있었다. 아파트 경비원 A씨는 분리수거함에 종이박스와 투명 페트병이 제대로 버려졌는지 확인했다. A씨는 "경비원들이 일일이 버려진 페트병에서 라벨을 분리해야 한다"면서 "투명 페트병 분리 배출제 계도 기간이 끝났지만 대부분 주민들이 제도를 잘 모르는 것 같다"고 했다.' );
INSERT INTO NEWS ( NO , ADMIN_NO , NEWS_TYPE_NO , TITLE , CONTENT ) VALUES ( SEQ_NEWS_NO.NEXTVAL ,1 ,1 ,'환경영향평가서 거짓·부실 논란에도 풍력발전단지 추진하는 영양군' ,'경북 영양군이 환경영향평가서 거짓·부실 논란에도 불구하고 풍력발전단지 추진을 강행하고 있다. 환경부가 사실관계 확인을 위해 공동조사단을 운영하는 와중에 영양군은 AWP 영양 풍력 사업에 대한 심의를 가결했다.' );
INSERT INTO NEWS ( NO , ADMIN_NO , NEWS_TYPE_NO , TITLE , CONTENT ) VALUES ( SEQ_NEWS_NO.NEXTVAL ,1 ,1 ,'백조의 힘찬 도약' ,'9일 광주광역시 영산강변에서 겨울 철새 큰고니가 도약하고 있다. 흔히 백조로 불리는 고니는 천연기념물 201호로 유라시아 북부와 알래스카, 캐나다 북부 등 고위도 지역에서 번식한 뒤 날씨가 추워지면 남쪽으로 내려와 겨울을 난다.' );
INSERT INTO NEWS ( NO , ADMIN_NO , NEWS_TYPE_NO , TITLE , CONTENT ) VALUES ( SEQ_NEWS_NO.NEXTVAL ,1 ,1 ,'화학연, "찾아가는 화학콘서트" 개최…기후위기·탄소중립 특강' ,'이날 행사는 대전지역 학생·학부모 등이 참여한 가운데 지구온난화·기후 위기 특강, 화학 기초 학습 도구 특강, 케미아트리움 견학 등 순서로 진행됐다. 플랫폼 연구단 연구원들이 이산화탄소 포집·저장, 탄소자원화 등 온실가스 감축을 주제로 지구온난화·기후위기 등 전문 지식을 학생·일반인이 쉽게 이해할 수 있도록 전달했다.' );
INSERT INTO NEWS ( NO , ADMIN_NO , NEWS_TYPE_NO , TITLE , CONTENT ) VALUES ( SEQ_NEWS_NO.NEXTVAL ,1 ,1 ,'전북환경청, 설 연휴 기간 환경오염행위 집중 단속' ,'전북지방환경청은 설을 앞두고 환경오염 물질을 불법 배출하는 행위를 집중적으로 단속한다고 9일 밝혔다. 이번 단속은 오는 11일부터 24일까지 2주간 진행되며 오염물질을 배출하는 사업장이나 산업단지 등을 중심으로 감시할 예정이다.' );
INSERT INTO NEWS ( NO , ADMIN_NO , NEWS_TYPE_NO , TITLE , CONTENT ) VALUES ( SEQ_NEWS_NO.NEXTVAL ,1 ,1 ,'남부 가뭄 3월까지 이어진다…봄철 영농기 초비상' ,'광주·전남 등 남부 지역의 최악 가뭄이 오는 3월까지 이어질 것이란 정부 예측이 나왔다. 이에 봄철 영농기를 앞두고 전방위적 가뭄 대책을 추진한다. 행정안전부와 농림축산식품부, 환경부, 기상청이 공동 발표한 "1월 가뭄 예·경보"에 따르면 최근 6개월 전국 누적 강수량(795.1㎜)은 평년의 93.1%이나, 남부지역 누적 강수량은 평년의 약 69~86%로 기상가뭄이 계속되고 있다.' );
INSERT INTO NEWS ( NO , ADMIN_NO , NEWS_TYPE_NO , TITLE , CONTENT ) VALUES ( SEQ_NEWS_NO.NEXTVAL ,1 ,1 ,'벗었던 마스크 다시 썼다…미세먼지·황사 기승에 "아우성"' ,'지난 주말 전국 대부분 지역에 고농도 미세먼지가 기승을 부리면서 온종일 뿌연 하늘이 이어졌다. 대낮에도 날씨가 흐리고 거리가 먼 건물은 보이지 않을 정도였다. 이 떄문에 바깥 나들이를 즐기려던 시민들은 모두 발길을 돌려야만 했다고 토로했다.' );
-- AREA

INSERT INTO NEWS ( NO , ADMIN_NO , NEWS_TYPE_NO , TITLE , CONTENT ) VALUES ( SEQ_NEWS_NO.NEXTVAL ,1 ,2 ,'그물코 친환경카페' ,'괜찮은 친환경 카페' );
INSERT INTO WHERE_TO VALUES(SEQ_WHERE_TO_NO.NEXTVAL, SEQ_NEWS_NO.CURRVAL, '그물코 친환경카페', '서울 양천구 목동동로10길','16-23');
INSERT INTO NEWS ( NO , ADMIN_NO , NEWS_TYPE_NO , TITLE , CONTENT ) VALUES ( SEQ_NEWS_NO.NEXTVAL ,1 ,2 ,'카페찹스' ,'괜찮은 친환경 카페' );
INSERT INTO WHERE_TO VALUES(SEQ_WHERE_TO_NO.NEXTVAL, SEQ_NEWS_NO.CURRVAL, '카페찹스 구로점', '서울 구로구 공원로6가길 52','1층');
INSERT INTO NEWS ( NO , ADMIN_NO , NEWS_TYPE_NO , TITLE , CONTENT ) VALUES ( SEQ_NEWS_NO.NEXTVAL ,1 ,2 ,'비코드에코' ,'괜찮은 친환경 카페' );
INSERT INTO WHERE_TO VALUES(SEQ_WHERE_TO_NO.NEXTVAL, SEQ_NEWS_NO.CURRVAL, '보틀 팩토리', '서울 구로구 공원로 26','금호아파트상가 1층');
INSERT INTO NEWS ( NO , ADMIN_NO , NEWS_TYPE_NO , TITLE , CONTENT ) VALUES ( SEQ_NEWS_NO.NEXTVAL ,1 ,2 ,'스페이스이웃 이웃공장' ,'괜찮은 친환경 카페' );
INSERT INTO WHERE_TO VALUES(SEQ_WHERE_TO_NO.NEXTVAL, SEQ_NEWS_NO.CURRVAL, '스페이스이웃 이웃공장', '경기 광명시 시청로101번길','9-4 1호');
INSERT INTO NEWS ( NO , ADMIN_NO , NEWS_TYPE_NO , TITLE , CONTENT ) VALUES ( SEQ_NEWS_NO.NEXTVAL ,1 ,2 ,'지구제과' ,'괜찮은 친환경 카페' );
INSERT INTO WHERE_TO VALUES(SEQ_WHERE_TO_NO.NEXTVAL, SEQ_NEWS_NO.CURRVAL, '지구제과', '서울 마포구 성미산로29길 30-3','1층 3호 지구제과');
INSERT INTO NEWS ( NO , ADMIN_NO , NEWS_TYPE_NO , TITLE , CONTENT ) VALUES ( SEQ_NEWS_NO.NEXTVAL ,1 ,2 ,'Koffeeness' ,'내용3' );
INSERT INTO WHERE_TO VALUES(SEQ_WHERE_TO_NO.NEXTVAL, SEQ_NEWS_NO.CURRVAL, 'Koffeeness', '서울 강서구 공항대로 220','우성에스비타워II 1층 116호');
INSERT INTO NEWS ( NO , ADMIN_NO , NEWS_TYPE_NO , TITLE , CONTENT ) VALUES ( SEQ_NEWS_NO.NEXTVAL ,1 ,2 ,'1.5도씨' ,'괜찮은 친환경 카페' );
INSERT INTO WHERE_TO VALUES(SEQ_WHERE_TO_NO.NEXTVAL, SEQ_NEWS_NO.CURRVAL, '1.5도씨', '서울 관악구 조원로18길 15','1층 103호');
INSERT INTO NEWS ( NO , ADMIN_NO , NEWS_TYPE_NO , TITLE , CONTENT ) VALUES ( SEQ_NEWS_NO.NEXTVAL ,1 ,2 ,'지구샵 제로웨이스트홈' ,'내용4' );
INSERT INTO WHERE_TO VALUES(SEQ_WHERE_TO_NO.NEXTVAL, SEQ_NEWS_NO.CURRVAL, '지구샵 제로웨이스트홈', '서울 마포구 성미산로 155','1층');
INSERT INTO NEWS ( NO , ADMIN_NO , NEWS_TYPE_NO , TITLE , CONTENT ) VALUES ( SEQ_NEWS_NO.NEXTVAL ,1 ,2 ,'에코브런치' ,'괜찮은 친환경 카페' );
INSERT INTO WHERE_TO VALUES(SEQ_WHERE_TO_NO.NEXTVAL, SEQ_NEWS_NO.CURRVAL, '에코브런치', '서서울 영등포구 국제금융로 112','층 에코브런치');
INSERT INTO NEWS ( NO , ADMIN_NO , NEWS_TYPE_NO , TITLE , CONTENT ) VALUES ( SEQ_NEWS_NO.NEXTVAL ,1 ,2 ,'공작GONGJACK' ,'괜찮은 친환경 카페' );
INSERT INTO WHERE_TO VALUES(SEQ_WHERE_TO_NO.NEXTVAL, SEQ_NEWS_NO.CURRVAL, '공작GONGJACK', '서울 마포구 동교로19길 56','1층');

INSERT INTO NEWS ( NO , ADMIN_NO , NEWS_TYPE_NO , TITLE , CONTENT ) VALUES ( SEQ_NEWS_NO.NEXTVAL ,1 ,2 ,'데이롱카페' ,'괜찮은 친환경 카페' );
INSERT INTO WHERE_TO VALUES(SEQ_WHERE_TO_NO.NEXTVAL, SEQ_NEWS_NO.CURRVAL, '데이롱카페 관악청림점', '서울 관악구 관악로30길 12','관악우성아파트 제상가동 제1층 126호');
INSERT INTO NEWS ( NO , ADMIN_NO , NEWS_TYPE_NO , TITLE , CONTENT ) VALUES ( SEQ_NEWS_NO.NEXTVAL ,1 ,2 ,'원써드' ,'괜찮은 친환경 카페' );
INSERT INTO WHERE_TO VALUES(SEQ_WHERE_TO_NO.NEXTVAL, SEQ_NEWS_NO.CURRVAL, '원써드', '서울 중구 마장로15길 16','1층');
INSERT INTO NEWS ( NO , ADMIN_NO , NEWS_TYPE_NO , TITLE , CONTENT ) VALUES ( SEQ_NEWS_NO.NEXTVAL ,1 ,2 ,'정종미 갤러리 n 카페' ,'괜찮은 친환경 카페' );
INSERT INTO WHERE_TO VALUES(SEQ_WHERE_TO_NO.NEXTVAL, SEQ_NEWS_NO.CURRVAL, '정종미 갤러리 n 카페', '서울 종로구 자하문로 68-19','1층');
INSERT INTO NEWS ( NO , ADMIN_NO , NEWS_TYPE_NO , TITLE , CONTENT ) VALUES ( SEQ_NEWS_NO.NEXTVAL ,1 ,2 ,'카페꽃길' ,'괜찮은 친환경 카페' );
INSERT INTO WHERE_TO VALUES(SEQ_WHERE_TO_NO.NEXTVAL, SEQ_NEWS_NO.CURRVAL, '카페꽃길', '서울 은평구 연서로 72','1층 103호');
INSERT INTO NEWS ( NO , ADMIN_NO , NEWS_TYPE_NO , TITLE , CONTENT ) VALUES ( SEQ_NEWS_NO.NEXTVAL ,1 ,2 ,'쿠소이' ,'괜찮은 친환경 카페' );
INSERT INTO WHERE_TO VALUES(SEQ_WHERE_TO_NO.NEXTVAL, SEQ_NEWS_NO.CURRVAL, '쿠소이', '서울 성동구 한림말길 33','지하 1층');
INSERT INTO NEWS ( NO , ADMIN_NO , NEWS_TYPE_NO , TITLE , CONTENT ) VALUES ( SEQ_NEWS_NO.NEXTVAL ,1 ,2 ,'키퍼스마켓' ,'괜찮은 친환경 카페' );
INSERT INTO WHERE_TO VALUES(SEQ_WHERE_TO_NO.NEXTVAL, SEQ_NEWS_NO.CURRVAL, '키퍼스마켓', '서울 강남구 언주로30길 21','아카데미스위트 상가 B동 1층 105호');
INSERT INTO NEWS ( NO , ADMIN_NO , NEWS_TYPE_NO , TITLE , CONTENT ) VALUES ( SEQ_NEWS_NO.NEXTVAL ,1 ,2 ,'아이스걸크림보이' ,'괜찮은 친환경 카페' );
INSERT INTO WHERE_TO VALUES(SEQ_WHERE_TO_NO.NEXTVAL, SEQ_NEWS_NO.CURRVAL, '아이스걸크림보이', '서울 강남구 역삼로63길 15','1층 102호');
INSERT INTO NEWS ( NO , ADMIN_NO , NEWS_TYPE_NO , TITLE , CONTENT ) VALUES ( SEQ_NEWS_NO.NEXTVAL ,1 ,2 ,'Uncut Gems' ,'괜찮은 친환경 카페' );
INSERT INTO WHERE_TO VALUES(SEQ_WHERE_TO_NO.NEXTVAL, SEQ_NEWS_NO.CURRVAL, 'Uncut Gems', '서울 용산구 신흥로 136','1층');
INSERT INTO NEWS ( NO , ADMIN_NO , NEWS_TYPE_NO , TITLE , CONTENT ) VALUES ( SEQ_NEWS_NO.NEXTVAL ,1 ,2 ,'장수상회' ,'괜찮은 친환경 카페' );
INSERT INTO WHERE_TO VALUES(SEQ_WHERE_TO_NO.NEXTVAL, SEQ_NEWS_NO.CURRVAL, '장수상회', '경기 김포시 중봉로115번길 186-46','1층');
INSERT INTO NEWS ( NO , ADMIN_NO , NEWS_TYPE_NO , TITLE , CONTENT ) VALUES ( SEQ_NEWS_NO.NEXTVAL ,1 ,2 ,'어스돔' ,'괜찮은 친환경 카페' );
INSERT INTO WHERE_TO VALUES(SEQ_WHERE_TO_NO.NEXTVAL, SEQ_NEWS_NO.CURRVAL, '어스돔', '서울 중구 퇴계로36가길 46','1층');

INSERT INTO NEWS ( NO , ADMIN_NO , NEWS_TYPE_NO , TITLE , CONTENT ) VALUES ( SEQ_NEWS_NO.NEXTVAL ,1 ,2 ,'휘카페' ,'괜찮은 친환경 카페' );
INSERT INTO WHERE_TO VALUES(SEQ_WHERE_TO_NO.NEXTVAL, SEQ_NEWS_NO.CURRVAL, '휘카페', '서울 동대문구 서울시립대로 117','1층 101호');
INSERT INTO NEWS ( NO , ADMIN_NO , NEWS_TYPE_NO , TITLE , CONTENT ) VALUES ( SEQ_NEWS_NO.NEXTVAL ,1 ,2 ,'카페바움' ,'괜찮은 친환경 카페' );
INSERT INTO WHERE_TO VALUES(SEQ_WHERE_TO_NO.NEXTVAL, SEQ_NEWS_NO.CURRVAL, '카페바움', '경기 파주시 소라지로 255','1층');
INSERT INTO NEWS ( NO , ADMIN_NO , NEWS_TYPE_NO , TITLE , CONTENT ) VALUES ( SEQ_NEWS_NO.NEXTVAL ,1 ,2 ,'그래서커피' ,'괜찮은 친환경 카페' );
INSERT INTO WHERE_TO VALUES(SEQ_WHERE_TO_NO.NEXTVAL, SEQ_NEWS_NO.CURRVAL, '그래서커피', '경기 성남시 분당구 성남대로925번길 37','101호');
INSERT INTO NEWS ( NO , ADMIN_NO , NEWS_TYPE_NO , TITLE , CONTENT ) VALUES ( SEQ_NEWS_NO.NEXTVAL ,1 ,2 ,'미오솜' ,'괜찮은 친환경 카페' );
INSERT INTO WHERE_TO VALUES(SEQ_WHERE_TO_NO.NEXTVAL, SEQ_NEWS_NO.CURRVAL, '미오솜', '경기 안양시 동안구 관악대로 183','2층 215호');
INSERT INTO NEWS ( NO , ADMIN_NO , NEWS_TYPE_NO , TITLE , CONTENT ) VALUES ( SEQ_NEWS_NO.NEXTVAL ,1 ,2 ,'카페 무가공' ,'괜찮은 친환경 카페' );
INSERT INTO WHERE_TO VALUES(SEQ_WHERE_TO_NO.NEXTVAL, SEQ_NEWS_NO.CURRVAL, '카페 무가공', '서울 서초구 효령로 423','3층');
INSERT INTO NEWS ( NO , ADMIN_NO , NEWS_TYPE_NO , TITLE , CONTENT ) VALUES ( SEQ_NEWS_NO.NEXTVAL ,1 ,2 ,'기살림 창동점 토브' ,'괜찮은 친환경 카페' );
INSERT INTO WHERE_TO VALUES(SEQ_WHERE_TO_NO.NEXTVAL, SEQ_NEWS_NO.CURRVAL, '기살림 창동점 토브', '서울 도봉구 해등로 41','1층');
INSERT INTO NEWS ( NO , ADMIN_NO , NEWS_TYPE_NO , TITLE , CONTENT ) VALUES ( SEQ_NEWS_NO.NEXTVAL ,1 ,2 ,'지구인 그로서리' ,'괜찮은 친환경 카페' );
INSERT INTO WHERE_TO VALUES(SEQ_WHERE_TO_NO.NEXTVAL, SEQ_NEWS_NO.CURRVAL, '지구인 그로서리', '서울 송파구 위례광장로 270','제와이동 1층 109,110호');
INSERT INTO NEWS ( NO , ADMIN_NO , NEWS_TYPE_NO , TITLE , CONTENT ) VALUES ( SEQ_NEWS_NO.NEXTVAL ,1 ,2 ,'마을과마디' ,'괜찮은 친환경 카페' );
INSERT INTO WHERE_TO VALUES(SEQ_WHERE_TO_NO.NEXTVAL, SEQ_NEWS_NO.CURRVAL, '마을과마디', '서울 노원구 화랑로 464','1층');
INSERT INTO NEWS ( NO , ADMIN_NO , NEWS_TYPE_NO , TITLE , CONTENT ) VALUES ( SEQ_NEWS_NO.NEXTVAL ,1 ,2 ,'다락' ,'괜찮은 친환경 카페' );
INSERT INTO WHERE_TO VALUES(SEQ_WHERE_TO_NO.NEXTVAL, SEQ_NEWS_NO.CURRVAL, '다락', '경기 용인시 처인구 동부로327번길 15','1층');
INSERT INTO NEWS ( NO , ADMIN_NO , NEWS_TYPE_NO , TITLE , CONTENT ) VALUES ( SEQ_NEWS_NO.NEXTVAL ,1 ,2 ,'동구동카페' ,'괜찮은 친환경 카페' );
INSERT INTO WHERE_TO VALUES(SEQ_WHERE_TO_NO.NEXTVAL, SEQ_NEWS_NO.CURRVAL, '동구동카페', '경기 구리시 동구릉로136번길 37 ','로데오타운 A동 101호');

INSERT INTO NEWS ( NO , ADMIN_NO , NEWS_TYPE_NO , TITLE , CONTENT ) VALUES ( SEQ_NEWS_NO.NEXTVAL ,1 ,2 ,'아이쿱 양천생협' ,'괜찮은 친환경 카페' );
INSERT INTO WHERE_TO VALUES(SEQ_WHERE_TO_NO.NEXTVAL, SEQ_NEWS_NO.CURRVAL, '아이쿱 양천생협', '서울 양천구 신월로38길 11','3층');
INSERT INTO NEWS ( NO , ADMIN_NO , NEWS_TYPE_NO , TITLE , CONTENT ) VALUES ( SEQ_NEWS_NO.NEXTVAL ,1 ,2 ,'만토카페' ,'괜찮은 친환경 카페' );
INSERT INTO WHERE_TO VALUES(SEQ_WHERE_TO_NO.NEXTVAL, SEQ_NEWS_NO.CURRVAL, '만토카페', '강원 원주시 판부면 서곡널다리길 8','1층');
INSERT INTO NEWS ( NO , ADMIN_NO , NEWS_TYPE_NO , TITLE , CONTENT ) VALUES ( SEQ_NEWS_NO.NEXTVAL ,1 ,2 ,'보통날카페' ,'괜찮은 친환경 카페' );
INSERT INTO WHERE_TO VALUES(SEQ_WHERE_TO_NO.NEXTVAL, SEQ_NEWS_NO.CURRVAL, '보통날카페', '전북 군산시 월명로 454','1층');


INSERT INTO NEWS ( NO , ADMIN_NO , NEWS_TYPE_NO , TITLE , CONTENT ) VALUES ( SEQ_NEWS_NO.NEXTVAL ,1 ,3 ,'12.23 패치노트' ,'모니터 앞 날파리 퇴치' );
INSERT INTO NEWS ( NO , ADMIN_NO , NEWS_TYPE_NO , TITLE , CONTENT ) VALUES ( SEQ_NEWS_NO.NEXTVAL ,1 ,3 ,'12.22 패치노트' ,'구디역 구도로 통닭 맛있음' );
INSERT INTO NEWS ( NO , ADMIN_NO , NEWS_TYPE_NO , TITLE , CONTENT ) VALUES ( SEQ_NEWS_NO.NEXTVAL ,1 ,3 ,'12.21 패치노트' ,'오미라 식당 요리사 바뀜' );
INSERT INTO NEWS ( NO , ADMIN_NO , NEWS_TYPE_NO , TITLE , CONTENT ) VALUES ( SEQ_NEWS_NO.NEXTVAL ,1 ,3 ,'12.20 패치노트' ,'롤 새 시즌 시작' );
INSERT INTO NEWS ( NO , ADMIN_NO , NEWS_TYPE_NO , TITLE , CONTENT ) VALUES ( SEQ_NEWS_NO.NEXTVAL ,1 ,3 ,'12.19 패치노트' ,'이렇게 우리의 프로젝트는 끝나는 건가...' );
INSERT INTO NEWS ( NO , ADMIN_NO , NEWS_TYPE_NO , TITLE , CONTENT ) VALUES ( SEQ_NEWS_NO.NEXTVAL ,1 ,3 ,'12.18 패치노트' ,'새해 시작' );
INSERT INTO NEWS ( NO , ADMIN_NO , NEWS_TYPE_NO , TITLE , CONTENT ) VALUES ( SEQ_NEWS_NO.NEXTVAL ,1 ,3 ,'12.17 패치노트' ,'2023년에는 돈 많이 벌었으면' );
INSERT INTO NEWS ( NO , ADMIN_NO , NEWS_TYPE_NO , TITLE , CONTENT ) VALUES ( SEQ_NEWS_NO.NEXTVAL ,1 ,3 ,'12.16 패치노트' ,'너무 추워서 처음으로 수면바지 샀는데 날씨 따듯해짐' );
INSERT INTO NEWS ( NO , ADMIN_NO , NEWS_TYPE_NO , TITLE , CONTENT ) VALUES ( SEQ_NEWS_NO.NEXTVAL ,1 ,3 ,'12.15 패치노트' ,'날씨가 따듯하니까 미세먼지 올라오네' );
INSERT INTO NEWS ( NO , ADMIN_NO , NEWS_TYPE_NO , TITLE , CONTENT ) VALUES ( SEQ_NEWS_NO.NEXTVAL ,1 ,3 ,'12.14 패치노트' ,'3조는 동전던지기에 대비해 미리 연습을 해서 확률을 예측해 보았다' );

INSERT INTO NEWS ( NO , ADMIN_NO , NEWS_TYPE_NO , TITLE , CONTENT ) VALUES ( SEQ_NEWS_NO.NEXTVAL ,1 ,3 ,'12.13 패치노트' ,'우리조 요정님 소회의실 열어주면 몰래 낮잠자요' );
INSERT INTO NEWS ( NO , ADMIN_NO , NEWS_TYPE_NO , TITLE , CONTENT ) VALUES ( SEQ_NEWS_NO.NEXTVAL ,1 ,3 ,'12.12 패치노트' ,'할리스에서 파는 야채음료 맛없음' );
INSERT INTO NEWS ( NO , ADMIN_NO , NEWS_TYPE_NO , TITLE , CONTENT ) VALUES ( SEQ_NEWS_NO.NEXTVAL ,1 ,3 ,'12.11 패치노트' ,'꼬꼬아찌 치킨 매콤하게 맛있음' );
INSERT INTO NEWS ( NO , ADMIN_NO , NEWS_TYPE_NO , TITLE , CONTENT ) VALUES ( SEQ_NEWS_NO.NEXTVAL ,1 ,3 ,'12.10 패치노트' ,'식사는 잡쉈어?' );
INSERT INTO NEWS ( NO , ADMIN_NO , NEWS_TYPE_NO , TITLE , CONTENT ) VALUES ( SEQ_NEWS_NO.NEXTVAL ,1 ,3 ,'12.9 패치노트' ,'겨울이라 운동가기 너무 귀찮아' );
----------------------------------------------------------------
--예스몰 제품 더미데이터
----------------------------------------------------------------
--INSERT INTO YESSMALL_PROD VALUES(시퀀스,카테고리,제품명,제품소개,제품상세소개, 가격,재고수량);
INSERT INTO YESSMALL_PROD VALUES(SEQ_YESSMALL_PROD_NO.NEXTVAL,3,'친환경 양치세트','친환경 재료로 만든 양치세트','깨끗한 치아를 위한 친환경 양치세트.<br><br><br> 구성 : 대나무 칫솔 2개, 치약 1개<br><br> 1. 대나무 칫솔<br> 크기 : 18cm <br> 특징 : 플라스틱 칫솔의 대체품으로, 환경호르몬 및 유해물질로부터 안전한 친환경 칫솔입니다.<br><br> 2. 고체치약 : 30정<br><br> 3. 목제 혀클리너 <br><br> 4. 린넨 파우치<br>', 10000, 200, default);
INSERT INTO YESSMALL_PROD VALUES(SEQ_YESSMALL_PROD_NO.NEXTVAL,1,'리유저블 텀블러','무색의 깔끔한 텀블러','무색으로 깔끔한 느낌의 텀블러. <br><br>유행을 타지 않아 오래 쓸 수 있는 텀블러입니다. 일회용 컵 사용을 줄이기 위한 최선의 선택, 텀블러.', 13000,300, default);
INSERT INTO YESSMALL_PROD VALUES(SEQ_YESSMALL_PROD_NO.NEXTVAL,2,'대나무 칫솔','대나무로 만든 친환경 칫솔','대나무로 제작한 친환경 칫솔로, 사용 후 재활용까지 고려한 제품입니다.<br><br> 크기 : 18cm <br> 4개입<br>',7000 ,500, default);
INSERT INTO YESSMALL_PROD VALUES(SEQ_YESSMALL_PROD_NO.NEXTVAL,4,'어린이 양치컵세트','어린이 양치세트','어린이를 위한 친환경 양치세트.<br><br><br> 구성 : 대나무 칫솔 1개, 어린이용 양치컵 1개<br><br> 1. 어린이용 칫솔<br> 크기 : 15cm <br> 특징 : 플라스틱 칫솔의 대체품으로, 환경호르몬 및 유해물질로부터 안전한 친환경 칫솔입니다.<br><br> 2. 어린이용 양치컵<br> 어린이가 쓰기 좋은 미니 양치컵<br><br>', 12000, 300, default);
INSERT INTO YESSMALL_PROD VALUES(SEQ_YESSMALL_PROD_NO.NEXTVAL,5,'에코백','깔끔한 에코백','깔끔한 느낌의 베이지 컬러의 에코백. <br><br>유행을 타지 않아 오래 쓸 수 있는 패션 에코백입니다.', 13000,300, default);

--------------------------------------------------------------------------
--상품별 사진 더미데이터
--------------------------------------------------------------------------
--INSERT INTO YESSMALL_ATTACHMENT VALUES(시퀀스,제품번호,originName,changeName,파일경로, 등록일,썸네일여부, 상태);
INSERT INTO YESSMALL_ATTACHMENT VALUES(SEQ_YESSMALL_PROD_NO.NEXTVAL,1,'image 113.png','img719655460995000.gif','resources/upload/mall', SYSDATE,'Y', default);
INSERT INTO YESSMALL_ATTACHMENT VALUES(SEQ_YESSMALL_PROD_NO.NEXTVAL,1,'image 03.png','img707011753088300.gif','resources/upload/mall', SYSDATE,'N', default);
INSERT INTO YESSMALL_ATTACHMENT VALUES(SEQ_YESSMALL_PROD_NO.NEXTVAL,2,'image 13.png','img24517754667300.png','resources/upload/mall', SYSDATE,'Y', default);
INSERT INTO YESSMALL_ATTACHMENT VALUES(SEQ_YESSMALL_PROD_NO.NEXTVAL,3,'image 3.png','img24517760220800.png','resources/upload/mall', SYSDATE,'Y', default);
INSERT INTO YESSMALL_ATTACHMENT VALUES(SEQ_YESSMALL_PROD_NO.NEXTVAL,3,'image 11.png','img24517760220800.png','resources/upload/mall', SYSDATE,'N', default);
INSERT INTO YESSMALL_ATTACHMENT VALUES(SEQ_YESSMALL_PROD_NO.NEXTVAL,4,'image 1.png','img6644593635500.png','resources/upload/mall', SYSDATE,'Y', default);
INSERT INTO YESSMALL_ATTACHMENT VALUES(SEQ_YESSMALL_PROD_NO.NEXTVAL,4,'image 55.png','img6644596978000.png','resources/upload/mall', SYSDATE,'N', default);
INSERT INTO YESSMALL_ATTACHMENT VALUES(SEQ_YESSMALL_PROD_NO.NEXTVAL,5,'image 63.png','img25775141889000.jpg','resources/upload/mall', SYSDATE,'Y', default);
INSERT INTO YESSMALL_ATTACHMENT VALUES(SEQ_YESSMALL_PROD_NO.NEXTVAL,5,'image 78.png','img25775137340800.png','resources/upload/mall', SYSDATE,'N', default);
-------------------------------------------------------------------------------------------------
--리뷰 제품 더미데이터 (제품당 기본 5개 이상, 인기제품은 50개 이상)
--------------------------------------------------------------------------------------------------
--INSERT INTO YESSMALL_REVIEW VALUES(시퀀스,회원번호,제품번호,내용, 등록일,수정일, 삭제여부);



---------------------------
--YeSS Market 게시글 (30개)
---------------------------
INSERT INTO MARKET
(NO, MEMBER_NO, TITLE, MARKET_TYPE_NO, OBJECT_NAME, OBJECT_INFO, TRADE_METHOD, OBJECT_PS, ENROLL_DATE, DELETE_YN, MODIFY_DATE, HIT, TRADE_YN)
VALUES(SEQ_MARKET_NO.NEXTVAL, '2', '팔아요팔아요팔아요', '1', '파는 물건', '파는 물건 상세정보', '직거래 환영', '파는 물건 설명', '2022-10-01', 'N', '2022-10-01', '46', 'Y');

INSERT INTO MARKET
(NO, MEMBER_NO, TITLE, MARKET_TYPE_NO, OBJECT_NAME, OBJECT_INFO, TRADE_METHOD, OBJECT_PS, ENROLL_DATE, DELETE_YN, MODIFY_DATE, HIT, TRADE_YN)
VALUES(SEQ_MARKET_NO.NEXTVAL, '3', '구합니다', '2', '필요한 물건', '필요한 물건 상세정보', '택배거래', '구하는 물건 설명', '2022-10-21', 'N', '2022-10-21', '12', 'N');

INSERT INTO MARKET
(NO, MEMBER_NO, TITLE, MARKET_TYPE_NO, OBJECT_NAME, OBJECT_INFO, TRADE_METHOD, OBJECT_PS, ENROLL_DATE, DELETE_YN, MODIFY_DATE, HIT, TRADE_YN)
VALUES(SEQ_MARKET_NO.NEXTVAL, '4', '나눠드릴게요 가져가세요', '3', '나눔 할 물건', '나눔 할 물건 상세정보', '택배거래', '나눔 할 물건 설명', '2022-10-27', 'N', '2022-10-27', '21', 'N');

INSERT INTO MARKET
(NO, MEMBER_NO, TITLE, MARKET_TYPE_NO, OBJECT_NAME, OBJECT_INFO, TRADE_METHOD, OBJECT_PS, ENROLL_DATE, DELETE_YN, MODIFY_DATE, HIT, TRADE_YN)
VALUES(SEQ_MARKET_NO.NEXTVAL, '5', '바꿀 사람 찾아요', '4', '바꿀 물건', '바꿀 물건 상세정보', '만나서 교환', '바꿀 물건 설명', '2022-11-07', 'N', '2022-11-07', '14', 'Y');

INSERT INTO MARKET
(NO, MEMBER_NO, TITLE, MARKET_TYPE_NO, OBJECT_NAME, OBJECT_INFO, TRADE_METHOD, OBJECT_PS, ENROLL_DATE, DELETE_YN, MODIFY_DATE, HIT, TRADE_YN)
VALUES(SEQ_MARKET_NO.NEXTVAL, '2', '팔아요팔아요팔아요', '1', '파는 물건', '파는 물건 상세정보', '직거래 환영', '파는 물건 설명', '2022-11-14', 'N', '2022-11-14', '7', 'N');

INSERT INTO MARKET
(NO, MEMBER_NO, TITLE, MARKET_TYPE_NO, OBJECT_NAME, OBJECT_INFO, TRADE_METHOD, OBJECT_PS, ENROLL_DATE, DELETE_YN, MODIFY_DATE, HIT, TRADE_YN)
VALUES(SEQ_MARKET_NO.NEXTVAL, '3', '구합니다', '2', '필요한 물건', '필요한 물건 상세정보', '택배거래', '구하는 물건 설명', '2022-11-17', 'N', '2022-11-17', '21', 'N');

INSERT INTO MARKET
(NO, MEMBER_NO, TITLE, MARKET_TYPE_NO, OBJECT_NAME, OBJECT_INFO, TRADE_METHOD, OBJECT_PS, ENROLL_DATE, DELETE_YN, MODIFY_DATE, HIT, TRADE_YN)
VALUES(SEQ_MARKET_NO.NEXTVAL, '4', '나눠드릴게요 가져가세요', '3', '나눔 할 물건', '나눔 할 물건 상세정보', '택배거래', '나눔 할 물건 설명', '2022-11-21', 'N', '2022-11-21', '13', 'Y');

INSERT INTO MARKET
(NO, MEMBER_NO, TITLE, MARKET_TYPE_NO, OBJECT_NAME, OBJECT_INFO, TRADE_METHOD, OBJECT_PS, ENROLL_DATE, DELETE_YN, MODIFY_DATE, HIT, TRADE_YN)
VALUES(SEQ_MARKET_NO.NEXTVAL, '2', '팔아요팔아요팔아요', '1', '파는 물건', '파는 물건 상세정보', '직거래 환영', '파는 물건 설명', '2022-11-27', 'N', '2022-11-27', '3', 'Y');

INSERT INTO MARKET
(NO, MEMBER_NO, TITLE, MARKET_TYPE_NO, OBJECT_NAME, OBJECT_INFO, TRADE_METHOD, OBJECT_PS, ENROLL_DATE, DELETE_YN, MODIFY_DATE, HIT, TRADE_YN)
VALUES(SEQ_MARKET_NO.NEXTVAL, '4', '나눠드릴게요 가져가세요', '3', '나눔 할 물건', '나눔 할 물건 상세정보', '택배거래', '나눔 할 물건 설명', '2022-12-03', 'N', '2022-12-03', '2', 'N');

INSERT INTO MARKET
(NO, MEMBER_NO, TITLE, MARKET_TYPE_NO, OBJECT_NAME, OBJECT_INFO, TRADE_METHOD, OBJECT_PS, ENROLL_DATE, DELETE_YN, MODIFY_DATE, HIT, TRADE_YN)
VALUES(SEQ_MARKET_NO.NEXTVAL, '5', '바꿀 사람 찾아요', '4', '바꿀 물건', '바꿀 물건 상세정보', '만나서 교환', '바꿀 물건 설명', '2022-12-15', 'N', '2022-12-15', '0', 'N');

INSERT INTO MARKET
(NO, MEMBER_NO, TITLE, MARKET_TYPE_NO, OBJECT_NAME, OBJECT_INFO, TRADE_METHOD, OBJECT_PS, ENROLL_DATE, DELETE_YN, MODIFY_DATE, HIT, TRADE_YN)
VALUES(SEQ_MARKET_NO.NEXTVAL, '2', '팔아요팔아요팔아요', '1', '파는 물건', '파는 물건 상세정보', '직거래 환영', '파는 물건 설명', '2022-10-01', 'N', '2022-10-01', '46', 'Y');

INSERT INTO MARKET
(NO, MEMBER_NO, TITLE, MARKET_TYPE_NO, OBJECT_NAME, OBJECT_INFO, TRADE_METHOD, OBJECT_PS, ENROLL_DATE, DELETE_YN, MODIFY_DATE, HIT, TRADE_YN)
VALUES(SEQ_MARKET_NO.NEXTVAL, '3', '구합니다', '2', '필요한 물건', '필요한 물건 상세정보', '택배거래', '구하는 물건 설명', '2022-10-21', 'N', '2022-10-21', '12', 'N');

INSERT INTO MARKET
(NO, MEMBER_NO, TITLE, MARKET_TYPE_NO, OBJECT_NAME, OBJECT_INFO, TRADE_METHOD, OBJECT_PS, ENROLL_DATE, DELETE_YN, MODIFY_DATE, HIT, TRADE_YN)
VALUES(SEQ_MARKET_NO.NEXTVAL, '4', '나눠드릴게요 가져가세요', '3', '나눔 할 물건', '나눔 할 물건 상세정보', '택배거래', '나눔 할 물건 설명', '2022-10-27', 'N', '2022-10-27', '21', 'N');

INSERT INTO MARKET
(NO, MEMBER_NO, TITLE, MARKET_TYPE_NO, OBJECT_NAME, OBJECT_INFO, TRADE_METHOD, OBJECT_PS, ENROLL_DATE, DELETE_YN, MODIFY_DATE, HIT, TRADE_YN)
VALUES(SEQ_MARKET_NO.NEXTVAL, '5', '바꿀 사람 찾아요', '4', '바꿀 물건', '바꿀 물건 상세정보', '만나서 교환', '바꿀 물건 설명', '2022-11-07', 'N', '2022-11-07', '14', 'Y');

INSERT INTO MARKET
(NO, MEMBER_NO, TITLE, MARKET_TYPE_NO, OBJECT_NAME, OBJECT_INFO, TRADE_METHOD, OBJECT_PS, ENROLL_DATE, DELETE_YN, MODIFY_DATE, HIT, TRADE_YN)
VALUES(SEQ_MARKET_NO.NEXTVAL, '2', '팔아요팔아요팔아요', '1', '파는 물건', '파는 물건 상세정보', '직거래 환영', '파는 물건 설명', '2022-11-14', 'N', '2022-11-14', '7', 'N');

INSERT INTO MARKET
(NO, MEMBER_NO, TITLE, MARKET_TYPE_NO, OBJECT_NAME, OBJECT_INFO, TRADE_METHOD, OBJECT_PS, ENROLL_DATE, DELETE_YN, MODIFY_DATE, HIT, TRADE_YN)
VALUES(SEQ_MARKET_NO.NEXTVAL, '3', '구합니다', '2', '필요한 물건', '필요한 물건 상세정보', '택배거래', '구하는 물건 설명', '2022-11-17', 'N', '2022-11-17', '21', 'N');

INSERT INTO MARKET
(NO, MEMBER_NO, TITLE, MARKET_TYPE_NO, OBJECT_NAME, OBJECT_INFO, TRADE_METHOD, OBJECT_PS, ENROLL_DATE, DELETE_YN, MODIFY_DATE, HIT, TRADE_YN)
VALUES(SEQ_MARKET_NO.NEXTVAL, '4', '나눠드릴게요 가져가세요', '3', '나눔 할 물건', '나눔 할 물건 상세정보', '택배거래', '나눔 할 물건 설명', '2022-11-21', 'N', '2022-11-21', '13', 'Y');

INSERT INTO MARKET
(NO, MEMBER_NO, TITLE, MARKET_TYPE_NO, OBJECT_NAME, OBJECT_INFO, TRADE_METHOD, OBJECT_PS, ENROLL_DATE, DELETE_YN, MODIFY_DATE, HIT, TRADE_YN)
VALUES(SEQ_MARKET_NO.NEXTVAL, '2', '팔아요팔아요팔아요', '1', '파는 물건', '파는 물건 상세정보', '직거래 환영', '파는 물건 설명', '2022-11-27', 'N', '2022-11-27', '3', 'Y');

INSERT INTO MARKET
(NO, MEMBER_NO, TITLE, MARKET_TYPE_NO, OBJECT_NAME, OBJECT_INFO, TRADE_METHOD, OBJECT_PS, ENROLL_DATE, DELETE_YN, MODIFY_DATE, HIT, TRADE_YN)
VALUES(SEQ_MARKET_NO.NEXTVAL, '4', '나눠드릴게요 가져가세요', '3', '나눔 할 물건', '나눔 할 물건 상세정보', '택배거래', '나눔 할 물건 설명', '2022-12-03', 'N', '2022-12-03', '2', 'N');

INSERT INTO MARKET
(NO, MEMBER_NO, TITLE, MARKET_TYPE_NO, OBJECT_NAME, OBJECT_INFO, TRADE_METHOD, OBJECT_PS, ENROLL_DATE, DELETE_YN, MODIFY_DATE, HIT, TRADE_YN)
VALUES(SEQ_MARKET_NO.NEXTVAL, '5', '바꿀 사람 찾아요', '4', '바꿀 물건', '바꿀 물건 상세정보', '만나서 교환', '바꿀 물건 설명', '2022-12-15', 'N', '2022-12-15', '0', 'N');


INSERT INTO MARKET
(NO, MEMBER_NO, TITLE, MARKET_TYPE_NO, OBJECT_NAME, OBJECT_INFO, TRADE_METHOD, OBJECT_PS, ENROLL_DATE, DELETE_YN, MODIFY_DATE, HIT, TRADE_YN)
VALUES(SEQ_MARKET_NO.NEXTVAL, '5', '바꿀 사람 찾아요', '4', '바꿀 물건', '바꿀 물건 상세정보', '만나서 교환', '바꿀 물건 설명', '2022-11-07', 'N', '2022-11-07', '14', 'Y');

INSERT INTO MARKET
(NO, MEMBER_NO, TITLE, MARKET_TYPE_NO, OBJECT_NAME, OBJECT_INFO, TRADE_METHOD, OBJECT_PS, ENROLL_DATE, DELETE_YN, MODIFY_DATE, HIT, TRADE_YN)
VALUES(SEQ_MARKET_NO.NEXTVAL, '2', '팔아요팔아요팔아요', '1', '파는 물건', '파는 물건 상세정보', '직거래 환영', '파는 물건 설명', '2022-11-14', 'N', '2022-11-14', '7', 'N');

INSERT INTO MARKET
(NO, MEMBER_NO, TITLE, MARKET_TYPE_NO, OBJECT_NAME, OBJECT_INFO, TRADE_METHOD, OBJECT_PS, ENROLL_DATE, DELETE_YN, MODIFY_DATE, HIT, TRADE_YN)
VALUES(SEQ_MARKET_NO.NEXTVAL, '3', '구합니다', '2', '필요한 물건', '필요한 물건 상세정보', '택배거래', '구하는 물건 설명', '2022-11-17', 'N', '2022-11-17', '21', 'N');

INSERT INTO MARKET
(NO, MEMBER_NO, TITLE, MARKET_TYPE_NO, OBJECT_NAME, OBJECT_INFO, TRADE_METHOD, OBJECT_PS, ENROLL_DATE, DELETE_YN, MODIFY_DATE, HIT, TRADE_YN)
VALUES(SEQ_MARKET_NO.NEXTVAL, '4', '나눠드릴게요 가져가세요', '3', '나눔 할 물건', '나눔 할 물건 상세정보', '택배거래', '나눔 할 물건 설명', '2022-11-21', 'N', '2022-11-21', '13', 'Y');

INSERT INTO MARKET
(NO, MEMBER_NO, TITLE, MARKET_TYPE_NO, OBJECT_NAME, OBJECT_INFO, TRADE_METHOD, OBJECT_PS, ENROLL_DATE, DELETE_YN, MODIFY_DATE, HIT, TRADE_YN)
VALUES(SEQ_MARKET_NO.NEXTVAL, '2', '팔아요팔아요팔아요', '1', '파는 물건', '파는 물건 상세정보', '직거래 환영', '파는 물건 설명', '2022-11-27', 'N', '2022-11-27', '3', 'Y');

INSERT INTO MARKET
(NO, MEMBER_NO, TITLE, MARKET_TYPE_NO, OBJECT_NAME, OBJECT_INFO, TRADE_METHOD, OBJECT_PS, ENROLL_DATE, DELETE_YN, MODIFY_DATE, HIT, TRADE_YN)
VALUES(SEQ_MARKET_NO.NEXTVAL, '2', '팔아요팔아요팔아요', '1', '파는 물건', '파는 물건 상세정보', '직거래 환영', '파는 물건 설명', '2022-10-01', 'N', '2022-10-01', '46', 'Y');

INSERT INTO MARKET
(NO, MEMBER_NO, TITLE, MARKET_TYPE_NO, OBJECT_NAME, OBJECT_INFO, TRADE_METHOD, OBJECT_PS, ENROLL_DATE, DELETE_YN, MODIFY_DATE, HIT, TRADE_YN)
VALUES(SEQ_MARKET_NO.NEXTVAL, '3', '구합니다', '2', '필요한 물건', '필요한 물건 상세정보', '택배거래', '구하는 물건 설명', '2022-10-21', 'N', '2022-10-21', '12', 'N');

INSERT INTO MARKET
(NO, MEMBER_NO, TITLE, MARKET_TYPE_NO, OBJECT_NAME, OBJECT_INFO, TRADE_METHOD, OBJECT_PS, ENROLL_DATE, DELETE_YN, MODIFY_DATE, HIT, TRADE_YN)
VALUES(SEQ_MARKET_NO.NEXTVAL, '4', '나눠드릴게요 가져가세요', '3', '나눔 할 물건', '나눔 할 물건 상세정보', '택배거래', '나눔 할 물건 설명', '2022-10-27', 'N', '2022-10-27', '21', 'N');

INSERT INTO MARKET
(NO, MEMBER_NO, TITLE, MARKET_TYPE_NO, OBJECT_NAME, OBJECT_INFO, TRADE_METHOD, OBJECT_PS, ENROLL_DATE, DELETE_YN, MODIFY_DATE, HIT, TRADE_YN)
VALUES(SEQ_MARKET_NO.NEXTVAL, '5', '바꿀 사람 찾아요', '4', '바꿀 물건', '바꿀 물건 상세정보', '만나서 교환', '바꿀 물건 설명', '2022-11-07', 'N', '2022-11-07', '14', 'Y');

INSERT INTO MARKET
(NO, MEMBER_NO, TITLE, MARKET_TYPE_NO, OBJECT_NAME, OBJECT_INFO, TRADE_METHOD, OBJECT_PS, ENROLL_DATE, DELETE_YN, MODIFY_DATE, HIT, TRADE_YN)
VALUES(SEQ_MARKET_NO.NEXTVAL, '2', '팔아요팔아요팔아요', '1', '파는 물건', '파는 물건 상세정보', '직거래 환영', '파는 물건 설명', '2022-11-14', 'N', '2022-11-14', '7', 'N');


--YeSS Market 사진 (30번글)
--썸네일
INSERT INTO MARKET_ATTACHMENT
(NO, MARKET_NO, ORIGIN_NAME, CHANGE_NAME, FILE_PATH, THUMB_YN)
VALUES(SEQ_MARKET_ATTACHMENT_NO.NEXTVAL, '30', '멜론.PNG', '멜론.PNG' ,'resources/upload/market', 'Y');

--YeSS Market 사진 (29번글)
--썸네일
INSERT INTO MARKET_ATTACHMENT
(NO, MARKET_NO, ORIGIN_NAME, CHANGE_NAME, FILE_PATH, THUMB_YN)
VALUES(SEQ_MARKET_ATTACHMENT_NO.NEXTVAL, '29', '복숭아.PNG', '복숭아.PNG' ,'resources/upload/market', 'Y');

--YeSS Market 사진 (28번글)
--썸네일
INSERT INTO MARKET_ATTACHMENT
(NO, MARKET_NO, ORIGIN_NAME, CHANGE_NAME, FILE_PATH, THUMB_YN)
VALUES(SEQ_MARKET_ATTACHMENT_NO.NEXTVAL, '28', '토마토.PNG', '토마토.PNG' ,'resources/upload/market', 'Y');

--YeSS Market 사진 (27번글)
--썸네일
INSERT INTO MARKET_ATTACHMENT
(NO, MARKET_NO, ORIGIN_NAME, CHANGE_NAME, FILE_PATH, THUMB_YN)
VALUES(SEQ_MARKET_ATTACHMENT_NO.NEXTVAL, '27', '자두.PNG', '자두.PNG' ,'resources/upload/market', 'Y');

--YeSS Market 사진 (26번글)
--썸네일
INSERT INTO MARKET_ATTACHMENT
(NO, MARKET_NO, ORIGIN_NAME, CHANGE_NAME, FILE_PATH, THUMB_YN)
VALUES(SEQ_MARKET_ATTACHMENT_NO.NEXTVAL, '26', '포도.PNG', '포도.PNG' ,'resources/upload/market', 'Y');

--YeSS Market 사진 (25번글)
--썸네일
INSERT INTO MARKET_ATTACHMENT
(NO, MARKET_NO, ORIGIN_NAME, CHANGE_NAME, FILE_PATH, THUMB_YN)
VALUES(SEQ_MARKET_ATTACHMENT_NO.NEXTVAL, '25', '복숭아.PNG', '복숭아.PNG' ,'resources/upload/market', 'Y');
--사진
INSERT INTO MARKET_ATTACHMENT
(NO, MARKET_NO, ORIGIN_NAME, CHANGE_NAME, FILE_PATH, THUMB_YN)
VALUES(SEQ_MARKET_ATTACHMENT_NO.NEXTVAL, '25', '수박.PNG', '수박.PNG' ,'resources/upload/market', 'N');
INSERT INTO MARKET_ATTACHMENT
(NO, MARKET_NO, ORIGIN_NAME, CHANGE_NAME, FILE_PATH, THUMB_YN)
VALUES(SEQ_MARKET_ATTACHMENT_NO.NEXTVAL, '25', '자두.PNG', '자두.PNG' ,'resources/upload/market', 'N');

--YeSS Market 사진 (24번글)
--썸네일
INSERT INTO MARKET_ATTACHMENT
(NO, MARKET_NO, ORIGIN_NAME, CHANGE_NAME, FILE_PATH, THUMB_YN)
VALUES(SEQ_MARKET_ATTACHMENT_NO.NEXTVAL, '24', '수박.PNG', '수박.PNG' ,'resources/upload/market', 'Y');
--사진
INSERT INTO MARKET_ATTACHMENT
(NO, MARKET_NO, ORIGIN_NAME, CHANGE_NAME, FILE_PATH, THUMB_YN)
VALUES(SEQ_MARKET_ATTACHMENT_NO.NEXTVAL, '24', '자두.PNG', '자두.PNG' ,'resources/upload/market', 'N');

--YeSS Market 사진 (23번글)
--썸네일
INSERT INTO MARKET_ATTACHMENT
(NO, MARKET_NO, ORIGIN_NAME, CHANGE_NAME, FILE_PATH, THUMB_YN)
VALUES(SEQ_MARKET_ATTACHMENT_NO.NEXTVAL, '23', '자두.PNG', '자두.PNG' ,'resources/upload/market', 'Y');
--사진
INSERT INTO MARKET_ATTACHMENT
(NO, MARKET_NO, ORIGIN_NAME, CHANGE_NAME, FILE_PATH, THUMB_YN)
VALUES(SEQ_MARKET_ATTACHMENT_NO.NEXTVAL, '23', '토마토.PNG', '토마토.PNG' ,'resources/upload/market', 'N');

--YeSS Market 사진 (22번글)
--썸네일
INSERT INTO MARKET_ATTACHMENT
(NO, MARKET_NO, ORIGIN_NAME, CHANGE_NAME, FILE_PATH, THUMB_YN)
VALUES(SEQ_MARKET_ATTACHMENT_NO.NEXTVAL, '22', '토마토.PNG', '토마토.PNG' ,'resources/upload/market', 'Y');
--사진
INSERT INTO MARKET_ATTACHMENT
(NO, MARKET_NO, ORIGIN_NAME, CHANGE_NAME, FILE_PATH, THUMB_YN)
VALUES(SEQ_MARKET_ATTACHMENT_NO.NEXTVAL, '22', '포도.PNG', '포도.PNG' ,'resources/upload/market', 'N');
INSERT INTO MARKET_ATTACHMENT
(NO, MARKET_NO, ORIGIN_NAME, CHANGE_NAME, FILE_PATH, THUMB_YN)
VALUES(SEQ_MARKET_ATTACHMENT_NO.NEXTVAL, '22', '멜론.PNG', '멜론.PNG' ,'resources/upload/market', 'N');
INSERT INTO MARKET_ATTACHMENT
(NO, MARKET_NO, ORIGIN_NAME, CHANGE_NAME, FILE_PATH, THUMB_YN)
VALUES(SEQ_MARKET_ATTACHMENT_NO.NEXTVAL, '22', '복숭아.PNG', '복숭아.PNG' ,'resources/upload/market', 'N');
INSERT INTO MARKET_ATTACHMENT
(NO, MARKET_NO, ORIGIN_NAME, CHANGE_NAME, FILE_PATH, THUMB_YN)
VALUES(SEQ_MARKET_ATTACHMENT_NO.NEXTVAL, '22', '수박.PNG', '수박.PNG' ,'resources/upload/market', 'N');

--YeSS Market 사진 (21번글)
--썸네일
INSERT INTO MARKET_ATTACHMENT
(NO, MARKET_NO, ORIGIN_NAME, CHANGE_NAME, FILE_PATH, THUMB_YN)
VALUES(SEQ_MARKET_ATTACHMENT_NO.NEXTVAL, '21', '멜론.PNG', '멜론.PNG' ,'resources/upload/market', 'Y');

--YeSS Market 사진 (20번글)
--썸네일
INSERT INTO MARKET_ATTACHMENT
(NO, MARKET_NO, ORIGIN_NAME, CHANGE_NAME, FILE_PATH, THUMB_YN)
VALUES(SEQ_MARKET_ATTACHMENT_NO.NEXTVAL, '20', '멜론.PNG', '멜론.PNG' ,'resources/upload/market', 'Y');
--사진
INSERT INTO MARKET_ATTACHMENT
(NO, MARKET_NO, ORIGIN_NAME, CHANGE_NAME, FILE_PATH, THUMB_YN)
VALUES(SEQ_MARKET_ATTACHMENT_NO.NEXTVAL, '20', '복숭아.PNG', '복숭아.PNG' ,'resources/upload/market', 'N');
INSERT INTO MARKET_ATTACHMENT
(NO, MARKET_NO, ORIGIN_NAME, CHANGE_NAME, FILE_PATH, THUMB_YN)
VALUES(SEQ_MARKET_ATTACHMENT_NO.NEXTVAL, '20', '수박.PNG', '수박.PNG' ,'resources/upload/market', 'N');

--YeSS Market 사진 (19번글)
--썸네일
INSERT INTO MARKET_ATTACHMENT
(NO, MARKET_NO, ORIGIN_NAME, CHANGE_NAME, FILE_PATH, THUMB_YN)
VALUES(SEQ_MARKET_ATTACHMENT_NO.NEXTVAL, '19', '복숭아.PNG', '복숭아.PNG' ,'resources/upload/market', 'Y');
--사진
INSERT INTO MARKET_ATTACHMENT
(NO, MARKET_NO, ORIGIN_NAME, CHANGE_NAME, FILE_PATH, THUMB_YN)
VALUES(SEQ_MARKET_ATTACHMENT_NO.NEXTVAL, '19', '수박.PNG', '수박.PNG' ,'resources/upload/market', 'N');
INSERT INTO MARKET_ATTACHMENT
(NO, MARKET_NO, ORIGIN_NAME, CHANGE_NAME, FILE_PATH, THUMB_YN)
VALUES(SEQ_MARKET_ATTACHMENT_NO.NEXTVAL, '19', '자두.PNG', '자두.PNG' ,'resources/upload/market', 'N');

--YeSS Market 사진 (18번글)
--썸네일
INSERT INTO MARKET_ATTACHMENT
(NO, MARKET_NO, ORIGIN_NAME, CHANGE_NAME, FILE_PATH, THUMB_YN)
VALUES(SEQ_MARKET_ATTACHMENT_NO.NEXTVAL, '18', '수박.PNG', '수박.PNG' ,'resources/upload/market', 'Y');
--사진
INSERT INTO MARKET_ATTACHMENT
(NO, MARKET_NO, ORIGIN_NAME, CHANGE_NAME, FILE_PATH, THUMB_YN)
VALUES(SEQ_MARKET_ATTACHMENT_NO.NEXTVAL, '18', '자두.PNG', '자두.PNG' ,'resources/upload/market', 'N');

--YeSS Market 사진 (17번글)
--썸네일
INSERT INTO MARKET_ATTACHMENT
(NO, MARKET_NO, ORIGIN_NAME, CHANGE_NAME, FILE_PATH, THUMB_YN)
VALUES(SEQ_MARKET_ATTACHMENT_NO.NEXTVAL, '17', '자두.PNG', '자두.PNG' ,'resources/upload/market', 'Y');
--사진
INSERT INTO MARKET_ATTACHMENT
(NO, MARKET_NO, ORIGIN_NAME, CHANGE_NAME, FILE_PATH, THUMB_YN)
VALUES(SEQ_MARKET_ATTACHMENT_NO.NEXTVAL, '17', '토마토.PNG', '토마토.PNG' ,'resources/upload/market', 'N');

--YeSS Market 사진 (16번글)
--썸네일
INSERT INTO MARKET_ATTACHMENT
(NO, MARKET_NO, ORIGIN_NAME, CHANGE_NAME, FILE_PATH, THUMB_YN)
VALUES(SEQ_MARKET_ATTACHMENT_NO.NEXTVAL, '16', '토마토.PNG', '토마토.PNG' ,'resources/upload/market', 'Y');
--사진
INSERT INTO MARKET_ATTACHMENT
(NO, MARKET_NO, ORIGIN_NAME, CHANGE_NAME, FILE_PATH, THUMB_YN)
VALUES(SEQ_MARKET_ATTACHMENT_NO.NEXTVAL, '16', '포도.PNG', '포도.PNG' ,'resources/upload/market', 'N');
INSERT INTO MARKET_ATTACHMENT
(NO, MARKET_NO, ORIGIN_NAME, CHANGE_NAME, FILE_PATH, THUMB_YN)
VALUES(SEQ_MARKET_ATTACHMENT_NO.NEXTVAL, '16', '멜론.PNG', '멜론.PNG' ,'resources/upload/market', 'N');
INSERT INTO MARKET_ATTACHMENT
(NO, MARKET_NO, ORIGIN_NAME, CHANGE_NAME, FILE_PATH, THUMB_YN)
VALUES(SEQ_MARKET_ATTACHMENT_NO.NEXTVAL, '16', '복숭아.PNG', '복숭아.PNG' ,'resources/upload/market', 'N');
INSERT INTO MARKET_ATTACHMENT
(NO, MARKET_NO, ORIGIN_NAME, CHANGE_NAME, FILE_PATH, THUMB_YN)
VALUES(SEQ_MARKET_ATTACHMENT_NO.NEXTVAL, '16', '수박.PNG', '수박.PNG' ,'resources/upload/market', 'N');

--YeSS Market 사진 (15번글)
--썸네일
INSERT INTO MARKET_ATTACHMENT
(NO, MARKET_NO, ORIGIN_NAME, CHANGE_NAME, FILE_PATH, THUMB_YN)
VALUES(SEQ_MARKET_ATTACHMENT_NO.NEXTVAL, '15', '멜론.PNG', '멜론.PNG' ,'resources/upload/market', 'Y');

--YeSS Market 사진 (14번글)
--썸네일
INSERT INTO MARKET_ATTACHMENT
(NO, MARKET_NO, ORIGIN_NAME, CHANGE_NAME, FILE_PATH, THUMB_YN)
VALUES(SEQ_MARKET_ATTACHMENT_NO.NEXTVAL, '14', '복숭아.PNG', '복숭아.PNG' ,'resources/upload/market', 'Y');

--YeSS Market 사진 (13번글)
--썸네일
INSERT INTO MARKET_ATTACHMENT
(NO, MARKET_NO, ORIGIN_NAME, CHANGE_NAME, FILE_PATH, THUMB_YN)
VALUES(SEQ_MARKET_ATTACHMENT_NO.NEXTVAL, '13', '토마토.PNG', '토마토.PNG' ,'resources/upload/market', 'Y');

--YeSS Market 사진 (12번글)
--썸네일
INSERT INTO MARKET_ATTACHMENT
(NO, MARKET_NO, ORIGIN_NAME, CHANGE_NAME, FILE_PATH, THUMB_YN)
VALUES(SEQ_MARKET_ATTACHMENT_NO.NEXTVAL, '12', '자두.PNG', '자두.PNG' ,'resources/upload/market', 'Y');

--YeSS Market 사진 (11번글)
--썸네일
INSERT INTO MARKET_ATTACHMENT
(NO, MARKET_NO, ORIGIN_NAME, CHANGE_NAME, FILE_PATH, THUMB_YN)
VALUES(SEQ_MARKET_ATTACHMENT_NO.NEXTVAL, '11', '포도.PNG', '포도.PNG' ,'resources/upload/market', 'Y');

INSERT INTO MARKET_ATTACHMENT
(NO, MARKET_NO, ORIGIN_NAME, CHANGE_NAME, FILE_PATH, THUMB_YN)
VALUES(SEQ_MARKET_ATTACHMENT_NO.NEXTVAL, '10', '멜론.PNG', '멜론.PNG' ,'resources/upload/market', 'Y');
--사진
INSERT INTO MARKET_ATTACHMENT
(NO, MARKET_NO, ORIGIN_NAME, CHANGE_NAME, FILE_PATH, THUMB_YN)
VALUES(SEQ_MARKET_ATTACHMENT_NO.NEXTVAL, '10', '복숭아.PNG', '복숭아.PNG' ,'resources/upload/market', 'N');
INSERT INTO MARKET_ATTACHMENT
(NO, MARKET_NO, ORIGIN_NAME, CHANGE_NAME, FILE_PATH, THUMB_YN)
VALUES(SEQ_MARKET_ATTACHMENT_NO.NEXTVAL, '10', '수박.PNG', '수박.PNG' ,'resources/upload/market', 'N');

--YeSS Market 사진 (9번글)
--썸네일
INSERT INTO MARKET_ATTACHMENT
(NO, MARKET_NO, ORIGIN_NAME, CHANGE_NAME, FILE_PATH, THUMB_YN)
VALUES(SEQ_MARKET_ATTACHMENT_NO.NEXTVAL, '9', '복숭아.PNG', '복숭아.PNG' ,'resources/upload/market', 'Y');
--사진
INSERT INTO MARKET_ATTACHMENT
(NO, MARKET_NO, ORIGIN_NAME, CHANGE_NAME, FILE_PATH, THUMB_YN)
VALUES(SEQ_MARKET_ATTACHMENT_NO.NEXTVAL, '9', '수박.PNG', '수박.PNG' ,'resources/upload/market', 'N');
INSERT INTO MARKET_ATTACHMENT
(NO, MARKET_NO, ORIGIN_NAME, CHANGE_NAME, FILE_PATH, THUMB_YN)
VALUES(SEQ_MARKET_ATTACHMENT_NO.NEXTVAL, '9', '자두.PNG', '자두.PNG' ,'resources/upload/market', 'N');

--YeSS Market 사진 (8번글)
--썸네일
INSERT INTO MARKET_ATTACHMENT
(NO, MARKET_NO, ORIGIN_NAME, CHANGE_NAME, FILE_PATH, THUMB_YN)
VALUES(SEQ_MARKET_ATTACHMENT_NO.NEXTVAL, '8', '수박.PNG', '수박.PNG' ,'resources/upload/market', 'Y');
--사진
INSERT INTO MARKET_ATTACHMENT
(NO, MARKET_NO, ORIGIN_NAME, CHANGE_NAME, FILE_PATH, THUMB_YN)
VALUES(SEQ_MARKET_ATTACHMENT_NO.NEXTVAL, '8', '자두.PNG', '자두.PNG' ,'resources/upload/market', 'N');

--YeSS Market 사진 (7번글)
--썸네일
INSERT INTO MARKET_ATTACHMENT
(NO, MARKET_NO, ORIGIN_NAME, CHANGE_NAME, FILE_PATH, THUMB_YN)
VALUES(SEQ_MARKET_ATTACHMENT_NO.NEXTVAL, '7', '자두.PNG', '자두.PNG' ,'resources/upload/market', 'Y');
--사진
INSERT INTO MARKET_ATTACHMENT
(NO, MARKET_NO, ORIGIN_NAME, CHANGE_NAME, FILE_PATH, THUMB_YN)
VALUES(SEQ_MARKET_ATTACHMENT_NO.NEXTVAL, '7', '토마토.PNG', '토마토.PNG' ,'resources/upload/market', 'N');

--YeSS Market 사진 (6번글)
--썸네일
INSERT INTO MARKET_ATTACHMENT
(NO, MARKET_NO, ORIGIN_NAME, CHANGE_NAME, FILE_PATH, THUMB_YN)
VALUES(SEQ_MARKET_ATTACHMENT_NO.NEXTVAL, '6', '토마토.PNG', '토마토.PNG' ,'resources/upload/market', 'Y');
--사진
INSERT INTO MARKET_ATTACHMENT
(NO, MARKET_NO, ORIGIN_NAME, CHANGE_NAME, FILE_PATH, THUMB_YN)
VALUES(SEQ_MARKET_ATTACHMENT_NO.NEXTVAL, '6', '포도.PNG', '포도.PNG' ,'resources/upload/market', 'N');
INSERT INTO MARKET_ATTACHMENT
(NO, MARKET_NO, ORIGIN_NAME, CHANGE_NAME, FILE_PATH, THUMB_YN)
VALUES(SEQ_MARKET_ATTACHMENT_NO.NEXTVAL, '6', '멜론.PNG', '멜론.PNG' ,'resources/upload/market', 'N');
INSERT INTO MARKET_ATTACHMENT
(NO, MARKET_NO, ORIGIN_NAME, CHANGE_NAME, FILE_PATH, THUMB_YN)
VALUES(SEQ_MARKET_ATTACHMENT_NO.NEXTVAL, '6', '복숭아.PNG', '복숭아.PNG' ,'resources/upload/market', 'N');
INSERT INTO MARKET_ATTACHMENT
(NO, MARKET_NO, ORIGIN_NAME, CHANGE_NAME, FILE_PATH, THUMB_YN)
VALUES(SEQ_MARKET_ATTACHMENT_NO.NEXTVAL, '6', '수박.PNG', '수박.PNG' ,'resources/upload/market', 'N');

--YeSS Market 사진 (5번글)
--썸네일
INSERT INTO MARKET_ATTACHMENT
(NO, MARKET_NO, ORIGIN_NAME, CHANGE_NAME, FILE_PATH, THUMB_YN)
VALUES(SEQ_MARKET_ATTACHMENT_NO.NEXTVAL, '5', '멜론.PNG', '멜론.PNG' ,'resources/upload/market', 'Y');

--YeSS Market 사진 (4번글)
--썸네일
INSERT INTO MARKET_ATTACHMENT
(NO, MARKET_NO, ORIGIN_NAME, CHANGE_NAME, FILE_PATH, THUMB_YN)
VALUES(SEQ_MARKET_ATTACHMENT_NO.NEXTVAL, '4', '복숭아.PNG', '복숭아.PNG' ,'resources/upload/market', 'Y');

--YeSS Market 사진 (3번글)
--썸네일
INSERT INTO MARKET_ATTACHMENT
(NO, MARKET_NO, ORIGIN_NAME, CHANGE_NAME, FILE_PATH, THUMB_YN)
VALUES(SEQ_MARKET_ATTACHMENT_NO.NEXTVAL, '3', '토마토.PNG', '토마토.PNG' ,'resources/upload/market', 'Y');

--YeSS Market 사진 (2번글)
--썸네일
INSERT INTO MARKET_ATTACHMENT
(NO, MARKET_NO, ORIGIN_NAME, CHANGE_NAME, FILE_PATH, THUMB_YN)
VALUES(SEQ_MARKET_ATTACHMENT_NO.NEXTVAL, '2', '자두.PNG', '자두.PNG' ,'resources/upload/market', 'Y');

--YeSS Market 사진 (1번글)
--썸네일
INSERT INTO MARKET_ATTACHMENT
(NO, MARKET_NO, ORIGIN_NAME, CHANGE_NAME, FILE_PATH, THUMB_YN)
VALUES(SEQ_MARKET_ATTACHMENT_NO.NEXTVAL, '1', '포도.PNG', '포도.PNG' ,'resources/upload/market', 'Y');

--YeSS Market 댓글 (30번글)
INSERT INTO MARKET_CMT
(NO, MEMBER_NO, MARKET_NO, CMT)
VALUES(SEQ_MARKET_CMT_NO.NEXTVAL, 2, 30, '댓글댓글댓글');
INSERT INTO MARKET_CMT
(NO, MEMBER_NO, MARKET_NO, CMT)
VALUES(SEQ_MARKET_CMT_NO.NEXTVAL, 3, 30, '하하하하핳');

COMMIT;